-- MySQL dump 10.13  Distrib 8.0.17, for Win64 (x86_64)
--
-- Host: localhost    Database: shoppingmall
-- ------------------------------------------------------
-- Server version	8.0.17

/*!40101 SET @OLD_CHARACTER_SET_CLIENT=@@CHARACTER_SET_CLIENT */;
/*!40101 SET @OLD_CHARACTER_SET_RESULTS=@@CHARACTER_SET_RESULTS */;
/*!40101 SET @OLD_COLLATION_CONNECTION=@@COLLATION_CONNECTION */;
/*!50503 SET NAMES utf8mb4 */;
/*!40103 SET @OLD_TIME_ZONE=@@TIME_ZONE */;
/*!40103 SET TIME_ZONE='+00:00' */;
/*!40014 SET @OLD_UNIQUE_CHECKS=@@UNIQUE_CHECKS, UNIQUE_CHECKS=0 */;
/*!40014 SET @OLD_FOREIGN_KEY_CHECKS=@@FOREIGN_KEY_CHECKS, FOREIGN_KEY_CHECKS=0 */;
/*!40101 SET @OLD_SQL_MODE=@@SQL_MODE, SQL_MODE='NO_AUTO_VALUE_ON_ZERO' */;
/*!40111 SET @OLD_SQL_NOTES=@@SQL_NOTES, SQL_NOTES=0 */;

--
-- Current Database: `shoppingmall`
--

CREATE DATABASE /*!32312 IF NOT EXISTS*/ `shoppingmall` /*!40100 DEFAULT CHARACTER SET gb2312 */ /*!80016 DEFAULT ENCRYPTION='N' */;

USE `shoppingmall`;

--
-- Table structure for table `comment`
--

DROP TABLE IF EXISTS `comment`;
/*!40101 SET @saved_cs_client     = @@character_set_client */;
/*!50503 SET character_set_client = utf8mb4 */;
CREATE TABLE `comment` (
  `id` bigint(10) NOT NULL AUTO_INCREMENT,
  `user_name` varchar(16) NOT NULL COMMENT '用户名',
  `product_id` bigint(10) NOT NULL COMMENT '产品序号',
  `content` varchar(255) NOT NULL COMMENT '评论内容',
  `star` int(1) NOT NULL COMMENT '好评度（1-5星）',
  `audit` int(1) NOT NULL DEFAULT '1' COMMENT '审核状态',
  `create_time` timestamp NOT NULL DEFAULT CURRENT_TIMESTAMP COMMENT '创建时间',
  PRIMARY KEY (`id`)
) ENGINE=InnoDB AUTO_INCREMENT=21 DEFAULT CHARSET=gb2312 COMMENT='评论表';
/*!40101 SET character_set_client = @saved_cs_client */;

--
-- Dumping data for table `comment`
--

LOCK TABLES `comment` WRITE;
/*!40000 ALTER TABLE `comment` DISABLE KEYS */;
INSERT INTO `comment` VALUES (9,'testId',7,'五星好评，实惠便宜',5,2,'2020-04-06 05:51:01'),(12,'testId',7,'很好，非常满意',5,1,'2020-04-10 07:34:08'),(13,'testId',7,'对宝贝很满意，下次还会光顾',5,2,'2020-04-10 07:34:25'),(16,'testId',7,'123456789',5,2,'2020-04-10 09:08:56'),(18,'testId',21,'不错',5,1,'2020-04-11 08:25:34'),(19,'testId',134,'很好用！！五星推荐',5,2,'2020-04-17 03:08:12'),(20,'testId',35,'好好喝！！',5,2,'2020-04-19 08:18:33');
/*!40000 ALTER TABLE `comment` ENABLE KEYS */;
UNLOCK TABLES;

--
-- Table structure for table `contact`
--

DROP TABLE IF EXISTS `contact`;
/*!40101 SET @saved_cs_client     = @@character_set_client */;
/*!50503 SET character_set_client = utf8mb4 */;
CREATE TABLE `contact` (
  `id` int(11) NOT NULL AUTO_INCREMENT COMMENT '序号',
  `user_name` varchar(45) NOT NULL COMMENT '用户名',
  `contact_name` varchar(45) NOT NULL DEFAULT '""' COMMENT '联系人',
  `contact_mobile` varchar(45) NOT NULL DEFAULT '""' COMMENT '联系电话',
  `contact_address` varchar(255) NOT NULL DEFAULT '""' COMMENT '寄送地址',
  `status` int(11) NOT NULL DEFAULT '1' COMMENT '默认地址0/其他地址1',
  PRIMARY KEY (`id`),
  KEY `contact_ibfk_1_idx` (`user_name`),
  CONSTRAINT `contact_ibfk_1` FOREIGN KEY (`user_name`) REFERENCES `user` (`user_name`)
) ENGINE=InnoDB AUTO_INCREMENT=30 DEFAULT CHARSET=gb2312 COMMENT='联系信息表';
/*!40101 SET character_set_client = @saved_cs_client */;

--
-- Dumping data for table `contact`
--

LOCK TABLES `contact` WRITE;
/*!40000 ALTER TABLE `contact` DISABLE KEYS */;
INSERT INTO `contact` VALUES (21,'testId','千其','123456987','环市西路小学',1),(22,'mall','千其','123456987','环市西路小学',1),(28,'testId','张三','12345678','中山市石岐',1),(29,'testId','testname','12345678','广州市xxx',1);
/*!40000 ALTER TABLE `contact` ENABLE KEYS */;
UNLOCK TABLES;

--
-- Table structure for table `order_history`
--

DROP TABLE IF EXISTS `order_history`;
/*!40101 SET @saved_cs_client     = @@character_set_client */;
/*!50503 SET character_set_client = utf8mb4 */;
CREATE TABLE `order_history` (
  `id` int(11) NOT NULL AUTO_INCREMENT COMMENT '序号',
  `order_num` varchar(32) NOT NULL COMMENT '订单编号',
  `update_user_name` varchar(45) NOT NULL COMMENT '更新者',
  `status` int(11) NOT NULL COMMENT '状态（未付款0/已下单1/已寄送2/已寄到3/购物车4）',
  `create_time` timestamp NULL DEFAULT NULL COMMENT '订单创建时间',
  PRIMARY KEY (`id`)
) ENGINE=InnoDB AUTO_INCREMENT=36 DEFAULT CHARSET=gb2312 COMMENT='订单历史表';
/*!40101 SET character_set_client = @saved_cs_client */;

--
-- Dumping data for table `order_history`
--

LOCK TABLES `order_history` WRITE;
/*!40000 ALTER TABLE `order_history` DISABLE KEYS */;
INSERT INTO `order_history` VALUES (15,'fcf99236cd0d47d59c446894fc187e4a','',0,'2020-04-06 07:01:59'),(16,'6d4269d453734e059186542a2a522cb8','',1,'2020-04-09 12:41:41'),(17,'5b15dcdf275b4ea99166dbddcf438347','',0,'2020-04-09 12:41:48'),(18,'91fe3c3561bd409fa3bb508da18ad8f1','',3,'2020-04-09 12:42:02'),(19,'3c25671f553549e68f2dfe4d84ce1dd4','',1,'2020-04-09 12:43:17'),(20,'c872c570dc9a4c2b8077adfa45763837','',2,'2020-04-09 12:43:47'),(21,'feb50d482f8c4f8f82fba520b6a2b8a2','',3,'2020-04-09 12:54:33'),(23,'ea63b674928d4b86be69aee26f45db8b','',1,'2020-04-09 12:56:41'),(26,'41804cfa2cef439684171dbe08616c3d','',2,'2020-04-09 12:59:32'),(28,'0b193118971a4005bd7bd1390a877ce6','',0,'2020-04-10 08:39:25'),(29,'984fd7b403b249c78af233758abd062b','',2,'2020-04-10 08:39:49'),(30,'35d6c41bc7fe4ef49345bd91fce04781','',0,'2020-04-11 08:25:01'),(31,'5c437873c9ae4797b8e9f9cc6d4488fe','',0,'2020-04-14 14:46:36'),(32,'ad99da9112be44ce861a63926b815a35','',0,'2020-04-17 03:07:49'),(33,'600ea02643ea48a2907162075f61c335','',3,'2020-04-19 08:18:02'),(34,'17bfcee557694469a5c3ddd985701ac9','',2,'2020-04-19 08:19:06'),(35,'aa596a3121ee4c1784f5b9496b5cc1aa','',0,'2020-04-20 06:34:15');
/*!40000 ALTER TABLE `order_history` ENABLE KEYS */;
UNLOCK TABLES;

--
-- Table structure for table `order_info`
--

DROP TABLE IF EXISTS `order_info`;
/*!40101 SET @saved_cs_client     = @@character_set_client */;
/*!50503 SET character_set_client = utf8mb4 */;
CREATE TABLE `order_info` (
  `id` int(10) NOT NULL AUTO_INCREMENT COMMENT '序号',
  `order_num` varchar(32) NOT NULL COMMENT '订单编号',
  `user_name` varchar(16) NOT NULL COMMENT '用户名',
  `price` float DEFAULT NULL COMMENT '合计金额',
  `status` int(11) NOT NULL COMMENT '状态（未付款0/已下单1/已寄送2/已寄到3/购物车4/收藏夹5）',
  `contact_name` varchar(45) DEFAULT NULL COMMENT '联系人',
  `contact_mobile` varchar(45) DEFAULT NULL COMMENT '联系电话',
  `contact_address` varchar(255) DEFAULT NULL COMMENT '寄送地址',
  `message` varchar(255) DEFAULT NULL COMMENT '备注',
  `create_time` timestamp NOT NULL DEFAULT CURRENT_TIMESTAMP COMMENT '创建时间',
  PRIMARY KEY (`id`),
  UNIQUE KEY `order_num_UNIQUE` (`order_num`),
  KEY `order_info_ibfk_1_idx` (`user_name`),
  CONSTRAINT `order_info_ibfk_1` FOREIGN KEY (`user_name`) REFERENCES `user` (`user_name`)
) ENGINE=InnoDB AUTO_INCREMENT=53 DEFAULT CHARSET=gb2312 COMMENT='订单信息表';
/*!40101 SET character_set_client = @saved_cs_client */;

--
-- Dumping data for table `order_info`
--

LOCK TABLES `order_info` WRITE;
/*!40000 ALTER TABLE `order_info` DISABLE KEYS */;
INSERT INTO `order_info` VALUES (25,'fcf99236cd0d47d59c446894fc187e4a','testId',20000,0,'','','','','2020-04-06 07:01:59'),(27,'6d4269d453734e059186542a2a522cb8','testId',4000,1,'nametest','12345678','testaddress','','2020-04-09 12:41:41'),(28,'5b15dcdf275b4ea99166dbddcf438347','testId',4000,0,'nametest','12345678','testaddress','','2020-04-09 12:41:48'),(29,'91fe3c3561bd409fa3bb508da18ad8f1','testId',4000,3,'nametest','12345678','testaddress','','2020-04-09 12:42:02'),(30,'3c25671f553549e68f2dfe4d84ce1dd4','testId',19000,1,'nametest','12345678','testaddress','','2020-04-09 12:43:17'),(31,'c872c570dc9a4c2b8077adfa45763837','testId',20000,2,'','','','','2020-04-09 12:43:47'),(32,'feb50d482f8c4f8f82fba520b6a2b8a2','testId',19000,3,'nametest','12345678','testaddress','','2020-04-09 12:54:33'),(34,'ea63b674928d4b86be69aee26f45db8b','testId',5000,1,'千其','123456987','环市西路小学','','2020-04-09 12:56:41'),(37,'41804cfa2cef439684171dbe08616c3d','mall',6000,2,'千其','123456987','环市西路小学','','2020-04-09 12:59:32'),(39,'0b193118971a4005bd7bd1390a877ce6','testId',8000,0,'千其','123456987','环市西路小学','','2020-04-10 08:39:25'),(40,'984fd7b403b249c78af233758abd062b','testId',12000,2,'千其','123456987','环市西路小学','','2020-04-10 08:39:49'),(41,'eff2d231ceeb0e25cad2f56ff268f37f','mall',0,5,NULL,NULL,NULL,NULL,'2020-04-10 09:17:45'),(44,'35d6c41bc7fe4ef49345bd91fce04781','testId',32,0,'千其','123456987','环市西路小学','','2020-04-11 08:25:01'),(45,'5c437873c9ae4797b8e9f9cc6d4488fe','testId',1677,0,'千其','123456987','环市西路小学','','2020-04-14 14:46:36'),(46,'ad99da9112be44ce861a63926b815a35','testId',136,0,'张三','12345678','中山市石岐','','2020-04-17 03:07:49'),(48,'3a50ea39c626f330fb66887bdf1c5e3d','testId',38,4,NULL,NULL,NULL,NULL,'2020-04-19 08:16:48'),(49,'9e8984babd1684cabc6dda3193c83c5e','testId',0,5,NULL,NULL,NULL,NULL,'2020-04-19 08:16:50'),(50,'600ea02643ea48a2907162075f61c335','testId',55,3,'testname','12345678','广州市xxx','','2020-04-19 08:18:02'),(51,'17bfcee557694469a5c3ddd985701ac9','testId',76,2,'testname','12345678','广州市xxx','','2020-04-19 08:19:06'),(52,'aa596a3121ee4c1784f5b9496b5cc1aa','testId',114,0,'千其','123456987','环市西路小学','','2020-04-20 06:34:15');
/*!40000 ALTER TABLE `order_info` ENABLE KEYS */;
UNLOCK TABLES;

--
-- Table structure for table `order_item`
--

DROP TABLE IF EXISTS `order_item`;
/*!40101 SET @saved_cs_client     = @@character_set_client */;
/*!50503 SET character_set_client = utf8mb4 */;
CREATE TABLE `order_item` (
  `id` int(11) NOT NULL AUTO_INCREMENT COMMENT '序号',
  `order_num` varchar(32) NOT NULL COMMENT '订单编号',
  `user_name` varchar(16) NOT NULL COMMENT '购买人',
  `product_id` bigint(10) NOT NULL COMMENT '产品序号',
  `product_name` varchar(100) NOT NULL COMMENT '产品名',
  `price` float NOT NULL COMMENT '单价',
  `quantity` int(11) NOT NULL DEFAULT '1' COMMENT '数量',
  PRIMARY KEY (`id`),
  KEY `order_item_ibfk_1_idx` (`order_num`),
  CONSTRAINT `order_item_ibfk_1` FOREIGN KEY (`order_num`) REFERENCES `order_info` (`order_num`)
) ENGINE=InnoDB AUTO_INCREMENT=215 DEFAULT CHARSET=gb2312 COMMENT='订单条目表';
/*!40101 SET character_set_client = @saved_cs_client */;

--
-- Dumping data for table `order_item`
--

LOCK TABLES `order_item` WRITE;
/*!40000 ALTER TABLE `order_item` DISABLE KEYS */;
INSERT INTO `order_item` VALUES (42,'fcf99236cd0d47d59c446894fc187e4a','testId',7,'电脑产品',1000,10),(43,'fcf99236cd0d47d59c446894fc187e4a','testId',7,'电脑产品',1000,10),(90,'6d4269d453734e059186542a2a522cb8','testId',7,'电脑产品',1000,1),(91,'6d4269d453734e059186542a2a522cb8','testId',7,'电脑产品',1000,3),(92,'5b15dcdf275b4ea99166dbddcf438347','testId',7,'电脑产品',1000,1),(93,'5b15dcdf275b4ea99166dbddcf438347','testId',7,'电脑产品',1000,3),(94,'91fe3c3561bd409fa3bb508da18ad8f1','testId',7,'电脑产品',1000,1),(95,'91fe3c3561bd409fa3bb508da18ad8f1','testId',7,'电脑产品',1000,3),(96,'3c25671f553549e68f2dfe4d84ce1dd4','testId',7,'电脑产品',1000,10),(97,'3c25671f553549e68f2dfe4d84ce1dd4','testId',7,'电脑产品',1000,5),(98,'3c25671f553549e68f2dfe4d84ce1dd4','testId',7,'电脑产品',1000,1),(99,'3c25671f553549e68f2dfe4d84ce1dd4','testId',7,'电脑产品',1000,3),(100,'c872c570dc9a4c2b8077adfa45763837','testId',7,'电脑产品',1000,10),(101,'c872c570dc9a4c2b8077adfa45763837','testId',7,'电脑产品',1000,10),(102,'feb50d482f8c4f8f82fba520b6a2b8a2','testId',7,'电脑产品',1000,10),(103,'feb50d482f8c4f8f82fba520b6a2b8a2','testId',7,'电脑产品',1000,5),(104,'feb50d482f8c4f8f82fba520b6a2b8a2','testId',7,'电脑产品',1000,1),(105,'feb50d482f8c4f8f82fba520b6a2b8a2','testId',7,'电脑产品',1000,3),(107,'ea63b674928d4b86be69aee26f45db8b','testId',7,'电脑产品',1000,5),(111,'41804cfa2cef439684171dbe08616c3d','mall',7,'电脑产品',1000,6),(113,'0b193118971a4005bd7bd1390a877ce6','testId',7,'电脑产品',1000,8),(114,'984fd7b403b249c78af233758abd062b','testId',7,'电脑产品',1000,12),(118,'eff2d231ceeb0e25cad2f56ff268f37f','mall',7,'电脑产品',1000,1),(195,'35d6c41bc7fe4ef49345bd91fce04781','testId',21,'营养快线',8,3),(196,'35d6c41bc7fe4ef49345bd91fce04781','testId',21,'营养快线',8,1),(205,'5c437873c9ae4797b8e9f9cc6d4488fe','testId',84,'儿童玩具男1-2-3岁男孩玩具汽车三岁小孩玩具4-6岁两岁宝宝玩具益智',118,1),(206,'5c437873c9ae4797b8e9f9cc6d4488fe','testId',133,'SK-II小灯泡30ml护肤套装化妆品礼盒（礼盒内赠神仙水）SK2精华',1040,1),(207,'5c437873c9ae4797b8e9f9cc6d4488fe','testId',155,'善存（Centrum）复合维生素b 保健品 男 成人多种营养素矿物质',173,3),(208,'ad99da9112be44ce861a63926b815a35','testId',134,'娥佩兰OPERA 薏仁水500ml+薏仁膏180g送薏仁水45ml',136,1),(210,'3a50ea39c626f330fb66887bdf1c5e3d','testId',86,'儿童玩具女孩过家家饮料机自动贩卖机售货机收银机玩具 密码款',38,1),(211,'9e8984babd1684cabc6dda3193c83c5e','testId',86,'儿童玩具女孩过家家饮料机自动贩卖机售货机收银机玩具 密码款',38,1),(212,'600ea02643ea48a2907162075f61c335','testId',35,'旺旺 旺仔牛奶 ',55,1),(213,'17bfcee557694469a5c3ddd985701ac9','testId',86,'儿童玩具女孩过家家饮料机自动贩卖机售货机收银机玩具 密码款',38,2),(214,'aa596a3121ee4c1784f5b9496b5cc1aa','testId',86,'儿童玩具女孩过家家饮料机自动贩卖机售货机收银机玩具 密码款',38,3);
/*!40000 ALTER TABLE `order_item` ENABLE KEYS */;
UNLOCK TABLES;

--
-- Table structure for table `product`
--

DROP TABLE IF EXISTS `product`;
/*!40101 SET @saved_cs_client     = @@character_set_client */;
/*!50503 SET character_set_client = utf8mb4 */;
CREATE TABLE `product` (
  `id` bigint(10) NOT NULL AUTO_INCREMENT COMMENT '序号',
  `product_name` varchar(100) NOT NULL COMMENT '产品名',
  `explain` varchar(255) DEFAULT NULL COMMENT '产品概述',
  `category_id` int(11) NOT NULL COMMENT '类别序号',
  `shop_price` float NOT NULL COMMENT '店内价格',
  `price` float DEFAULT NULL COMMENT '市场价格',
  `quantity` int(11) NOT NULL COMMENT '数量',
  `image` varchar(255) DEFAULT NULL COMMENT '图片',
  `create_time` timestamp NOT NULL DEFAULT CURRENT_TIMESTAMP COMMENT '创建时间',
  `update_time` timestamp NOT NULL DEFAULT CURRENT_TIMESTAMP ON UPDATE CURRENT_TIMESTAMP COMMENT '更新时间',
  `create_user_name` varchar(16) DEFAULT NULL COMMENT '创建者用户名',
  `update_user_name` varchar(16) DEFAULT NULL COMMENT '更新者用户名',
  PRIMARY KEY (`id`),
  KEY `product_ibfk_1_idx` (`category_id`),
  CONSTRAINT `product_ibfk_1` FOREIGN KEY (`category_id`) REFERENCES `product_category` (`id`)
) ENGINE=InnoDB AUTO_INCREMENT=164 DEFAULT CHARSET=gb2312 COMMENT='产品表';
/*!40101 SET character_set_client = @saved_cs_client */;

--
-- Dumping data for table `product`
--

LOCK TABLES `product` WRITE;
/*!40000 ALTER TABLE `product` DISABLE KEYS */;
INSERT INTO `product` VALUES (7,'电脑产品','这是电脑电脑',1,1000,899,500,'092f86d12c1b40a0b29a4425803c93d1.PNG','2020-03-22 08:28:46','2020-04-19 08:27:57','admin',NULL),(19,'可乐','日本原装进口可口可乐 日本进口饮料汽水6瓶组合装可口可乐珍藏纪念',6,89,139,500,'e70a0ac3a79c498083473a729048cac6.PNG','2020-04-10 06:55:35','2020-04-19 08:32:40',NULL,NULL),(21,'营养快线','营养快线整箱500ML多种口味混合营养早餐奶 ',7,4,5,12369,'762876f91a044de2ac523e46d84888e8.jpg','2020-04-10 11:50:22','2020-04-14 03:33:30',NULL,NULL),(24,'雀巢(Nestle) 脆脆鲨 ',' 威化饼干 巧克力口味640g（24*20g+赠8*20g）',4,29.7,35,12369,'e5b871ab829541aca445fde89a7fb26d.PNG','2020-04-14 01:52:20','2020-04-14 01:56:35',NULL,NULL),(25,'杉城 网红休闲零食大礼包','一整箱送女友女生儿童礼盒美食品超市好吃的2000g',4,108,158,12369,'f3ccb2e3a53f46b39d84e3170d6c0357.PNG','2020-04-14 02:01:06','2020-04-14 02:01:06',NULL,NULL),(26,'韩国进口 儿童零食 海牌海苔','香脆紫菜烤海苔 休闲零食 经典原味 16g',4,10.8,12.8,12369,'9459d1f6b9b74e0593d4f8fa3e6bae70.PNG','2020-04-14 02:10:59','2020-04-14 02:10:59',NULL,NULL),(27,'港荣蒸蛋糕 奶香味900g整箱装','饼干蛋糕 手撕面包口袋吐司 营养早餐食品 休闲零食小吃',4,39.6,39.9,12369,'b22e6a1b66ce46b9b8a4f1369db19941.PNG','2020-04-14 02:16:13','2020-04-14 02:16:13',NULL,NULL),(28,'古龙食品 肉罐头','下饭菜 香菇肉酱180g*3罐',5,17.6,26.5,12369,'5b25be4e79df488f85691cd74cda1afc.PNG','2020-04-14 02:35:54','2020-04-14 02:35:54',NULL,NULL),(29,'猪掌门火腿午餐肉罐头','火腿午餐肉罐头198g/罐 原味2罐装',5,48,68,12369,'ce8cbf4623344a49a80bf76a01ffa406.PNG','2020-04-14 02:42:19','2020-04-14 02:42:19',NULL,NULL),(30,'丹麦进口曲奇 皇冠（Danisa）','丹麦曲奇饼干礼盒装908g（新老包装随机发货）送礼零食礼包',5,105,118,12369,'b0c8a683c1a7409595bd041462235310.PNG','2020-04-14 02:49:52','2020-04-14 02:50:27',NULL,NULL),(31,'印尼进口 Nabati 丽芝士（Rich','休闲零食 奶酪味 威化饼干 350g/罐 早餐下午茶',5,23.8,23.5,12369,'9ee3f3fa97864298a12eb2d4d5d857f2.PNG','2020-04-14 02:55:05','2020-04-14 03:03:38',NULL,NULL),(32,'宾得宝饮料 无醇啤酒','澳洲进口Bundabergginger beer女士果味啤酒 含气粉红葡萄柚汁饮料6瓶',6,90,123,12369,'d8b847b2cbc4420e9d827d5a2c3c38c0.PNG','2020-04-14 03:08:26','2020-04-14 03:08:26',NULL,NULL),(33,'日加满氨基酸功能饮料提高免疫力缓解疲劳','含牛磺酸瓜拉那120ml*10瓶/盒',6,85,119,12369,'a6d4ad48afdf4b298e30ae63a2679f47.PNG','2020-04-14 03:22:47','2020-04-14 03:22:47',NULL,NULL),(34,'泰国进口芭提娅果汁芭提雅饮料chabaa','泰国进口芭提娅果汁芭提雅饮料chabaa1升1L婚宴酒水10口味纯果汁 柚子',6,61,88,12369,'ab9c2532797744d2ac89a59c4a774ba0.PNG','2020-04-14 03:26:10','2020-04-14 03:26:10',NULL,NULL),(35,'旺旺 旺仔牛奶 ','儿童牛奶早餐奶 原味 125ml*24',7,55,58,12368,'b55cd2c440614e78865b0d418fd88050.PNG','2020-04-14 03:30:40','2020-04-19 08:18:02',NULL,NULL),(36,'光明 大白兔风味牛奶 ','大白兔风味牛奶 200ml*12/提 礼盒装',7,69.9,82,12369,'2a973229978741e58f6a737470f688f0.PNG','2020-04-14 03:36:26','2020-04-14 03:36:26',NULL,NULL),(37,'新希望 香蕉牛奶200ml','香蕉牛奶200ml*12盒 礼盒装（乳制品非饮料）',7,36,36,12369,'d09ccbd2f66b483ea96744d96d855132.PNG','2020-04-14 03:39:09','2020-04-14 03:39:09',NULL,NULL),(38,'多力葵花籽油5L+250ml 食用油','葵花籽油5L+250ml 食用油 含维生素e',8,72.9,99.8,12369,'fc4b9ee22a0d4ea4990a8095bc833364.PNG','2020-04-14 03:43:12','2020-04-14 03:43:12',NULL,NULL),(39,'鲁花 食用油 低芥酸特香菜籽油 6.18L','鲁花 食用油 低芥酸特香菜籽油 6.18L  非转基因 物理压榨 新老包装随机发放',8,109.9,129,12369,'44c1d00c0a49492ab4578d58a52b9afd.PNG','2020-04-14 03:46:08','2020-04-14 03:46:08',NULL,NULL),(40,'千岁好山茶油 有机油茶籽油 压榨一级食用油3L','千岁好山茶油 有机油茶籽油 压榨一级食用油3L 适用孕妇宝宝',8,288,388,12369,'ad459c5b17eb45608ade140632c6404a.PNG','2020-04-14 03:48:56','2020-04-14 03:48:56',NULL,NULL),(41,'十月稻田 长粒香大米','十月稻田 长粒香大米 东北大米 东北香米 10kg',8,78,88,12369,'a69a12d35845449f8bb36d917522d417.PNG','2020-04-14 03:53:14','2020-04-14 03:53:14',NULL,NULL),(42,'锐澳（RIO）洋酒 预调鸡尾酒 微醺系列组合','预调鸡尾酒 微醺系列组合 330ml*10罐（5种口味）新老组合形式随机发货',6,72,88,12369,'5077b91b13f44c1398abdb4a89958b3a.PNG','2020-04-14 04:00:38','2020-04-14 04:00:38',NULL,NULL),(43,'易厨食代 卤肉香料套装 花椒大料八角香叶桂皮茴香干辣椒调料6袋装炒菜料','易厨食代 卤肉香料套装 花椒大料八角香叶桂皮茴香干辣椒调料6袋装炒菜料',9,26.8,30,12369,'1d363ca8aa22496f9bd224ae25885287.PNG','2020-04-14 05:59:33','2020-04-14 05:59:33',NULL,NULL),(44,'易厨食代烧烤调料套装 黑胡椒辣椒面孜然粉椒盐白芝麻 厨房调味品火锅蘸料','易厨食代烧烤调料套装 黑胡椒辣椒面孜然粉椒盐白芝麻 厨房调味品火锅蘸料香料套装',9,32.8,38,12369,'8834b7577ece4af3b0de1d1132024b1a.PNG','2020-04-14 06:04:17','2020-04-14 06:04:17',NULL,NULL),(45,' 海天 蚝油 上等蚝油 凉拌炒菜火锅烧烤调料 520g*2 中华老字号',' 海天 蚝油 上等蚝油 凉拌炒菜火锅烧烤调料 520g*2 中华老字号',9,12.88,14.88,12369,'2a07d17574ab4f068997764bfde757d3.PNG','2020-04-14 06:08:43','2020-04-14 06:08:43',NULL,NULL),(46,'海天金标生抽1280ml*2+上等蚝油520g 酱油厨房调料组合','海天金标生抽1280ml*2+上等蚝油520g 酱油厨房调料组合',9,39.3,42,12369,'5c61407850a54d71bef6f8f937fb4d8b.PNG','2020-04-14 06:12:12','2020-04-14 06:12:12',NULL,NULL),(47,'蕉下 披肩防晒衣女透气时尚爆款防晒衫新款短外套 雾霾紫 均码','蕉下 披肩防晒衣女透气时尚爆款防晒衫新款短外套 雾霾紫 均码',10,209,209,12369,'8bc38bb3c945438488215ce1b85a52a0.PNG','2020-04-14 06:16:33','2020-04-14 06:16:33',NULL,NULL),(48,'时尚女神范套装裙2020新款女夏装洋气两件套休闲气质裙子 花色 L(建','时尚女神范套装裙2020新款女夏装洋气两件套休闲气质裙子 花色 L(建议105-115斤)',10,178,178,12369,'bfa193372c9a48ef904a7b64243bb2a5.PNG','2020-04-14 06:19:02','2020-04-14 06:19:02',NULL,NULL),(49,'莎芡休闲连帽套头卫衣女宽松外套女胖MM2020春装大码新款上衣','莎芡休闲连帽套头卫衣女宽松外套女胖MM2020春装大码新款上衣',10,118,118,12369,'7f4cea7bf08d44b086ba023d42d562f5.PNG','2020-04-14 06:25:02','2020-04-14 06:25:31',NULL,NULL),(50,'朗悦女装 春夏季中长款纯色长袖连衣裙法式复古打底裙桔梗裙','朗悦女装 春夏季中长款纯色长袖连衣裙法式复古打底裙桔梗裙',10,125.1,125.1,12369,'d24f9b7874094dc29bcd3e479c0767cf.PNG','2020-04-14 06:28:28','2020-04-14 06:28:28',NULL,NULL),(51,'牛仔外套男装春季衣服男春装夹克修身休闲男生潮牌工装潮流头号青年春秋棒球','牛仔外套男装春季衣服男春装夹克修身休闲男生潮牌工装潮流头号青年春秋棒球服',11,129,129,12369,'a61ed5c4642740c1815c3224e3f53926.PNG','2020-04-14 06:31:48','2020-04-14 06:31:48',NULL,NULL),(52,'HLA海澜之家短袖T恤男2020夏季新品圆领字母款微弹舒适短THNTB','HLA海澜之家短袖T恤男2020夏季新品圆领字母款微弹舒适短THNTBJ2Q080A藏青花纹',11,78,78,12369,'04590c0646344bb1a6513b1c380bf8e3.PNG','2020-04-14 06:34:12','2020-04-14 06:34:12',NULL,NULL),(53,'耐克NIKE 男子 T恤 TEE JUST DO IT SWOOSH ','耐克NIKE 男子 T恤 TEE JUST DO IT SWOOSH 运动服 AR5007-010',11,149,149,12369,'ee2cc2b8fe6140448135c0421d626ac4.PNG','2020-04-14 06:39:17','2020-04-14 06:39:17',NULL,NULL),(54,'耐克NIKE 男子 乔丹 短裤 JUMPMAN SHORT 运动裤 B','耐克NIKE 男子 乔丹 短裤 JUMPMAN SHORT 运动裤 BQ8796-010',11,239,239,12369,'0fe534d02eb14daa90e14e6feae7b053.PNG','2020-04-14 06:41:14','2020-04-14 06:41:14',NULL,NULL),(55,'迪士尼男童卫衣套装春秋纯棉美国队长蜘蛛侠童装儿童男孩漫威运动裤','迪士尼男童卫衣套装春秋纯棉美国队长蜘蛛侠童装儿童男孩漫威运动裤',12,139,139,12369,'c2cd1a7deebf4b1ba76f6b8c5a0354ac.PNG','2020-04-14 06:44:40','2020-04-14 06:44:40',NULL,NULL),(56,'李宁童装儿童裤子男童2020夏季新款运动裤长裤舒适时尚经典百搭版型卫裤','李宁童装儿童裤子男童2020夏季新款运动裤长裤舒适时尚经典百搭版型卫裤 YKLQ227-1 新标准黑 ',12,159,159,12369,'120e7943fb4f4020bf7da3b1260740bd.PNG','2020-04-14 06:47:14','2020-04-14 06:47:14',NULL,NULL),(57,'耐克 NIKE DYNAMO FREE (TD) 婴童运动童鞋 343','耐克 NIKE DYNAMO FREE (TD) 婴童运动童鞋 343938 343938-508 26',12,256,256,12369,'9b3e150b17204b04af9d2240b97de4c8.PNG','2020-04-14 06:51:47','2020-04-14 06:51:47',NULL,NULL),(58,'Nike Air Jordan 耐克童装男童短袖T恤夏季纯棉儿童短袖大','Nike Air Jordan 耐克童装男童短袖T恤夏季纯棉儿童短袖大小婴童男孩上衣90-160L 纯白色',12,189,189,12369,'9928a73a174b44999166ad2bcfff18ee.PNG','2020-04-14 06:55:44','2020-04-14 06:55:44',NULL,NULL),(59,'都市丽人内衣女无钢圈薄款性感蕾丝文胸聚拢手掌杯女士内衣套装2B7558','都市丽人内衣女无钢圈薄款性感蕾丝文胸聚拢手掌杯女士内衣套装2B7558 黑色 34/75B+M码',13,109.9,109.9,12369,'15957f7aef17463697ae58d7712b9f43.PNG','2020-04-14 06:59:29','2020-04-14 06:59:29',NULL,NULL),(60,'七匹狼秋衣秋裤男纯棉保暖内衣套装男士薄款打底棉毛衫 经典藏青','七匹狼秋衣秋裤男纯棉保暖内衣套装男士薄款打底棉毛衫 经典藏青',13,79,79,12369,'748c8b764f1f41959d0a01c9faec425e.PNG','2020-04-14 07:01:59','2020-04-14 07:01:59',NULL,NULL),(61,'CailvKerini内裤男平角运动中腰','CailvKerini内裤男平角运动中腰莫代尔透气四角青年弹力透气纯棉冰丝男士内裤短裤男ck内裤 629灰+黑+麻灰+红',13,129,129,12369,'55d6b159ed5048f2ba5746b73aec793d.PNG','2020-04-14 07:04:36','2020-04-14 14:36:42',NULL,NULL),(62,'南极人 6条装 呼吸触感 肌理棉柔无痕女士内裤女纯棉底裆 日系半透蕾丝','南极人 6条装 呼吸触感 肌理棉柔无痕女士内裤女纯棉底裆 日系半透蕾丝抑菌三角内裤女',13,49.9,49.9,12369,'02d87af89ea5420fa63449cd5afaab82.PNG','2020-04-14 07:07:24','2020-04-14 07:07:24',NULL,NULL),(63,'汤臣倍健 耐力类运动营养乳清蛋白营养强化粉巧克力味2.722kg 6磅','汤臣倍健 耐力类运动营养乳清蛋白营养强化粉巧克力味2.722kg 6磅 男士健身增肌粉蛋白质粉',14,348,348,12369,'c606b3d2a4324697b744958f55376774.PNG','2020-04-14 07:11:42','2020-04-14 07:11:42',NULL,NULL),(64,'斯伯丁Spalding 比赛篮球74-604Y 室内外PU耐磨7号NB','斯伯丁Spalding 比赛篮球74-604Y 室内外PU耐磨7号NBA蓝球',14,166,166,12369,'4c387fb20f974f118d7e54a2e56bc1e1.PNG','2020-04-14 07:17:37','2020-04-14 07:17:37',NULL,NULL),(65,'多德士DDS仰卧起坐健身器材家用运动多功能健腹收腹机腹肌板仰卧板 LJ','多德士DDS仰卧起坐健身器材家用运动多功能健腹收腹机腹肌板仰卧板 LJ114F',14,169,169,12369,'fc30fdcb93a74faabe7da9291209b13e.PNG','2020-04-14 07:20:09','2020-04-14 07:20:09',NULL,NULL),(66,'小米生态企业金史密斯WalkingPad跑步机家用小型可折叠走步机免安','小米生态企业金史密斯WalkingPad跑步机家用小型可折叠走步机免安装健身器材 跑步机 R1',14,2799,2799,12369,'110be46d00ac44cb9fc7dac7c2a7bd76.PNG','2020-04-14 07:22:46','2020-04-14 07:22:46',NULL,NULL),(67,'笑脸项链男love life字母韩版微笑吊坠学生简约个性长款男士潮人百','笑脸项链男love life字母韩版微笑吊坠学生简约个性长款男士潮人百搭挂件 情侣时尚潮男配饰',15,48,48,12369,'23ab493c740d4a2d9691580b0032fe21.PNG','2020-04-14 07:27:32','2020-04-14 07:27:32',NULL,NULL),(68,'周生生 CHOW SANG SANG 【细绳】周生生黄金转运珠Char','周生生 CHOW SANG SANG 【细绳】周生生黄金转运珠Charme串珠配绳3mm细版手绳 转运珠皮绳 男女手链 ',15,100,100,12369,'754536de182840de9023b1220d7e879f.PNG','2020-04-14 07:30:07','2020-04-14 07:30:07',NULL,NULL),(69,'范米粒香巴拉钻球耳钉璀璨耳环日韩女款气质时尚耳饰送女友情人节礼物银首饰','范米粒香巴拉钻球耳钉璀璨耳环日韩女款气质时尚耳饰送女友情人节礼物银首饰配饰小饰品',15,9.9,9.9,12369,'08a7fa62a3b044dd897747e88e8f1390.PNG','2020-04-14 07:35:28','2020-04-14 07:35:28',NULL,NULL),(70,'范米粒 树叶耳环韩版小清新森系耳勾耳夹 简约个性耳饰女款耳钉网红气质饰','范米粒 树叶耳环韩版小清新森系耳勾耳夹 简约个性耳饰女款耳钉网红气质饰品 送女友情人礼物甜美配饰 树叶耳环',15,9.9,9.9,12369,'ad7ad21ec8a3479493bf8ac1842a2d43.PNG','2020-04-14 07:37:14','2020-04-14 07:37:14',NULL,NULL),(71,'耐克NIKE 男子 板鞋/复刻鞋 气垫 AIR MAX 270 REA','耐克NIKE 男子 板鞋/复刻鞋 气垫 AIR MAX 270 REACT 运动鞋 CU3014-181多色',16,1049,1049,12369,'2835fed28a774958a5e7af28aa7fdd66.PNG','2020-04-14 07:50:47','2020-04-14 07:50:47',NULL,NULL),(72,'耐克NIKE 男子 百搭 板鞋 COURT VISION LO 运动鞋','耐克NIKE 男子 百搭 板鞋 COURT VISION LO 运动鞋 CD5463-103白色42码',16,469,469,12369,'419bc4628e97419e98f9bdd25232b17c.PNG','2020-04-14 07:53:39','2020-04-14 07:53:39',NULL,NULL),(73,'耐克NIKE 男子 潮流 气垫 休闲鞋 AIR MAX 270 REA','耐克NIKE 男子 潮流 气垫 休闲鞋 AIR MAX 270 REACT 运动鞋 CQ4598-071',16,1099,1099,12369,'e0c65a557ddc45bca84b491698922f16.PNG','2020-04-14 07:56:13','2020-04-14 07:56:13',NULL,NULL),(74,'耐克NIKE 男子 跑步鞋 LEGEND REACT 2 运动鞋 AT','耐克NIKE 男子 跑步鞋 LEGEND REACT 2 运动鞋 AT1368-001',16,669,669,12369,'5c236c2f1ac34f17979f6ee877da86b2.PNG','2020-04-14 07:57:50','2020-04-14 07:57:50',NULL,NULL),(75,'耐克 NIKE 女子 跑步鞋 W AIR MAX 200 运动鞋 CI','耐克 NIKE 女子 跑步鞋 W AIR MAX 200 运动鞋 CI3867-600红/玫瑰红',17,719,719,12369,'7b750001e86d4c5dbc080b3f5531c290.PNG','2020-04-14 08:00:50','2020-04-14 08:00:50',NULL,NULL),(76,'耐克NIKE 女子 休闲鞋 气垫 W AIR MAX 200 运动鞋 ','耐克NIKE 女子 休闲鞋 气垫 W AIR MAX 200 运动鞋 AT6175-102 白色',17,769,769,12369,'13789de89d68444ab6db9c59fb0a3070.PNG','2020-04-14 08:04:12','2020-04-14 08:04:12',NULL,NULL),(77,'ZGR 鞋子女织物百搭高跟鞋女细跟尖头浅口小香风英伦时尚单鞋 黑色','ZGR 鞋子女织物百搭高跟鞋女细跟尖头浅口小香风英伦时尚单鞋 黑色',17,158,158,12369,'afde59608d3d4a51ba7b6dc6670c11d9.PNG','2020-04-14 08:07:07','2020-04-14 08:07:07',NULL,NULL),(78,'FILA斐乐女鞋FUSION系列官方 SKIPPER老爹鞋女2020新','FILA斐乐女鞋FUSION系列官方 SKIPPER老爹鞋女2020新款运动鞋复古潮流跑步鞋',17,539,539,12369,'30493db53fa148a8b2aeb64bd2a3fc7a.PNG','2020-04-14 08:09:40','2020-04-14 08:09:40',NULL,NULL),(79,'洛克（ROCK）汽车摆件车内饰品车载摆件车上香水车饰品汽车用品车内装饰','洛克（ROCK）汽车摆件车内饰品车载摆件车上香水车饰品汽车用品车内装饰正义联盟蝙蝠侠',18,39,39,12369,'f45511c7913f48578e28d1d59697553d.PNG','2020-04-14 08:15:53','2020-04-14 08:15:53',NULL,NULL),(80,'迪普尔 汽车安全带护肩套一对装保险带护套通用车内饰品加长男女四季装饰用','迪普尔 汽车安全带护肩套一对装保险带护套通用车内饰品加长男女四季装饰用品车饰装饰品套装内饰黑色款',18,38,58,12369,'c31c6b2972884caeb7e814422869e3d4.PNG','2020-04-14 08:18:32','2020-04-14 08:18:32',NULL,NULL),(81,'汽车载手机支架导航仪防滑垫临时停车牌电话号码中控台汽车饰用品 全黑色无','汽车载手机支架导航仪防滑垫临时停车牌电话号码中控台汽车饰用品 全黑色无图案',18,35.49,35.49,12369,'bfdc8d6e78a94b74826eb74024e0743f.PNG','2020-04-14 08:21:14','2020-04-14 08:21:14',NULL,NULL),(82,'铁臂阿童木 汽车内饰套装 卡通方向盘套排挡套扶手套CD夹置物袋等12件','铁臂阿童木 汽车内饰套装 卡通方向盘套排挡套扶手套CD夹置物袋等12件套车饰套装 CD夹-红色',18,49,50,12369,'9e7b60da168241858e136288b6db4ebf.PNG','2020-04-14 08:23:07','2020-04-14 08:23:07',NULL,NULL),(83,'乐高(LEGO)积木 得宝DUPLO我的自由创意趣玩箱1.5岁+ 10','乐高(LEGO)积木 得宝DUPLO我的自由创意趣玩箱1.5岁+ 10887 儿童玩具',19,269,369,12369,'4e451bb42a774fedb095e488f0bd2690.PNG','2020-04-14 08:26:55','2020-04-14 08:26:55',NULL,NULL),(84,'儿童玩具男1-2-3岁男孩玩具汽车三岁小孩玩具4-6岁两岁宝宝玩具益智','儿童玩具男1-2-3岁男孩玩具汽车三岁小孩玩具4-6岁两岁宝宝玩具益智早教大号惯性飞机玩具带音乐 警察收纳款',19,118,188,12368,'af1ad9809edc45aaa66c79627c7a2af8.PNG','2020-04-14 08:29:35','2020-04-14 14:46:36',NULL,NULL),(85,'宝乐星 惯性四驱越野车儿童玩具男孩模型车抗耐摔玩具车宝宝小汽车','宝乐星 惯性四驱越野车儿童玩具男孩模型车抗耐摔玩具车宝宝小汽车',19,9.9,15.9,12369,'beee8b2822884224b6d70176002c91f9.PNG','2020-04-14 08:32:00','2020-04-14 08:32:00',NULL,NULL),(86,'儿童玩具女孩过家家饮料机自动贩卖机售货机收银机玩具 密码款','儿童玩具女孩过家家饮料机自动贩卖机售货机收银机玩具 密码款',19,38,58,12364,'bcbfea217d954913bf37a47eba5978ab.PNG','2020-04-14 08:33:27','2020-04-20 06:34:16',NULL,NULL),(87,'全棉双人四件套 纯棉被套200*230cm床上用品床单枕套 1.5米床','全棉双人四件套 纯棉被套200*230cm床上用品床单枕套 1.5米床',20,219,259,12369,'8a6d317a716b4b0691a6cc899e484626.PNG','2020-04-14 08:37:14','2020-04-14 08:37:14',NULL,NULL),(88,'坐床式蚊帐 1.8米床加密三开门蒙古包防摔蚊帐方顶双人加大家用 180','坐床式蚊帐 1.8米床加密三开门蒙古包防摔蚊帐方顶双人加大家用 180*200cm 米黄',20,179,279,12369,'4c255bb08d9f476c89a99a6a5ab02d1f.PNG','2020-04-14 08:39:44','2020-04-14 08:39:44',NULL,NULL),(89,'床上四件套纯棉 40S全棉斜纹套件床单被套被罩 单双人宿舍三件套 戴奈','床上四件套纯棉 40S全棉斜纹套件床单被套被罩 单双人宿舍三件套 戴奈斯 1.8米床(适配220*240cm被芯)',20,349,349,12369,'b9f1db2cd06d44f0a4d8b599e70db461.PNG','2020-04-14 08:41:51','2020-04-14 08:41:51',NULL,NULL),(90,'套件家纺 亲肤四件套 床上用品床单被套 卡通萝卜 1.5米/1.8米床','套件家纺 亲肤四件套 床上用品床单被套 卡通萝卜 1.5米/1.8米床 200*230cm',20,109,109,12369,'4d21ad54fc474eb784ae020c5f97b43c.PNG','2020-04-14 08:46:55','2020-04-14 08:46:55',NULL,NULL),(91,'迈康（MIKING）单杠家用引体向上器室内单双杠 多功能儿童女士增高健','迈康（MIKING）单杠家用引体向上器室内单双杠 多功能儿童女士增高健身器材体育用品 4001F黑色',21,218,358,12369,'198f414ca3b04196902d7ab862b5c2f1.PNG','2020-04-14 08:51:44','2020-04-14 08:52:48',NULL,NULL),(92,' 毽子 鸡毛鹅毛毽彩色羽毛花键球 比赛学校体育用品 荷花毽子(6只装)',' 毽子 鸡毛鹅毛毽彩色羽毛花键球 比赛学校体育用品 荷花毽子(6只装) 颜色随机 NF1036',21,25.5,25.8,12369,'f05bc61c84d04e0f87e9e46018b69974.PNG','2020-04-14 08:56:11','2020-04-14 08:56:11',NULL,NULL),(93,'呼啦圈 减肥瘦腰成人款6节7节8节可拆卸女士健身减肥器材加重 灰红色泡','呼啦圈 减肥瘦腰成人款6节7节8节可拆卸女士健身减肥器材加重 灰红色泡棉',21,19,19,13269,'da9cd7bfa9e643a5860ae391886ac134.PNG','2020-04-14 08:58:48','2020-04-14 08:58:48',NULL,NULL),(94,'金陵 /JINLING 成人体育器GDJ-1AB 室外地埋式 固定单臂','金陵 /JINLING 成人体育器GDJ-1AB 室外地埋式 固定单臂篮球架11232伸臂长2.25米 （不含运费 不含安装）',21,4900,5800,12369,'de8417527ee34ea1ba9736a67b145174.PNG','2020-04-14 09:01:09','2020-04-14 09:01:09',NULL,NULL),(95,'天美优客婴儿指甲剪 婴儿指甲刀 宝宝指甲剪套装 新生儿专用防夹肉指甲钳','天美优客婴儿指甲剪 婴儿指甲刀 宝宝指甲剪套装 新生儿专用防夹肉指甲钳 儿童安全剪刀 指甲锉四件套晨雾绿',22,12.9,15.9,13269,'d8b057cef48846229319eeb86c907756.PNG','2020-04-14 09:04:48','2020-04-14 09:04:48',NULL,NULL),(96,'babycare 婴儿保湿云柔巾 新生儿超柔清洁用纸宝宝纸巾 108抽','babycare 婴儿保湿云柔巾 新生儿超柔清洁用纸宝宝纸巾 108抽*12包',22,79.2,92,12369,'e7ff86888bf54e1e9611525ca8d0135c.PNG','2020-04-14 09:07:37','2020-04-14 09:07:37',NULL,NULL),(97,'【新生儿用+滴管喂勺收纳盒】喂药器婴儿儿童防呛硅胶奶嘴式注射器宝宝喂水','【新生儿用+滴管喂勺收纳盒】喂药器婴儿儿童防呛硅胶奶嘴式注射器宝宝喂水新生儿喂奶器喂药神器喝药吃药 1支装',22,27.9,36,12369,'8b1d94e699c04cc3b156f11828bc0b1a.PNG','2020-04-14 09:09:55','2020-04-14 09:09:55',NULL,NULL),(98,'日康（rikang）水温计 婴儿洗澡温度计用品RK-3741','日康（rikang）水温计 婴儿洗澡温度计用品RK-3741',22,15.9,21,12369,'ba0770e38c8140ea9d564eff015da00c.PNG','2020-04-14 09:11:49','2020-04-14 09:11:49',NULL,NULL),(99,'沙宣修护水养 针对干枯发质洗500ml+护发素500ml送洗50ml+','沙宣修护水养 针对干枯发质洗500ml+护发素500ml送洗50ml+护50ml 保湿修护 蓬松百变 洗发水套装',23,95,99,12369,'4cfa1bb05bcf40fe90d7b7820d2de112.PNG','2020-04-14 09:13:48','2020-04-14 09:13:48',NULL,NULL),(100,'多芬(DOVE)洗发水护发素套装 日常滋养修护(洗发乳700mlx2+','多芬(DOVE)洗发水护发素套装 日常滋养修护(洗发乳700mlx2+润发精华素100mlx4)',23,79.9,88,12369,'0f8a7cccf26d4a35a5c99d200270fa1b.PNG','2020-04-14 09:15:48','2020-04-14 09:15:48',NULL,NULL),(101,'资生堂丝蓓绮（TSUBAKI）奢耀柔艳洗护套装（洗发露750ml*2+','资生堂丝蓓绮（TSUBAKI）奢耀柔艳洗护套装（洗发露750ml*2+护发素750ml+洗发露200ml）',23,149,169,13269,'9ef6e7a5622a45e39ea232c4b6787391.PNG','2020-04-14 09:17:44','2020-04-14 09:17:44',NULL,NULL),(102,'水之密语（AQUAIR）V&A博物馆 逸海丝柔定制款礼盒 净澄水活泡沫','水之密语（AQUAIR）V&A博物馆 逸海丝柔定制款礼盒 净澄水活泡沫洗发露500ml*2',23,93.8,95,12396,'d0805a9a376240ca9f97ca651924e78e.PNG','2020-04-14 09:19:38','2020-04-14 09:19:38',NULL,NULL),(103,'意可可（ecoco） 卫生间纸巾盒厕所纸巾架厕纸盒浴室置物架壁挂免打孔','意可可（ecoco） 卫生间纸巾盒厕所纸巾架厕纸盒浴室置物架壁挂免打孔防水卷纸筒创意抽纸盒卫生纸架 北欧灰+白',24,42,45,12369,'1e6a46eb72fb4de3b6bde5ab4d2dbcd5.PNG','2020-04-14 09:22:17','2020-04-14 09:22:17',NULL,NULL),(104,'babycare Air Pro小N卫生巾日夜用姨妈巾零触感亲肤超薄卫','babycare Air Pro小N卫生巾日夜用姨妈巾零触感亲肤超薄卫生护垫 组合装46片【240*4+290*1+430*2】',24,123.9,125.9,12369,'90c1b0758706457b92842bc4caafe270.PNG','2020-04-14 09:25:05','2020-04-14 09:25:05',NULL,NULL),(105,'洁柔(C&S)抽纸 粉Face 柔韧330张面巾纸*24包 无香(M号','洁柔(C&S)抽纸 粉Face 柔韧330张面巾纸*24包 无香(M号 可湿水婴儿可用)整箱销售 新老品交替发货',24,59.9,68.8,12369,'7a9b2cbb8acb477cb3abe3ad38a54e76.PNG','2020-04-14 09:27:41','2020-04-14 09:27:41',NULL,NULL),(106,' 滴露 Dettol 健康抑菌洗手液 经典松木 500g/瓶',' 滴露 Dettol 健康抑菌洗手液 经典松木 500g/瓶',24,18.8,22.8,12369,'6e0e441634534720a36f025538bf4a84.PNG','2020-04-14 09:30:01','2020-04-14 09:30:01',NULL,NULL),(107,'空间优品 收纳箱55L 牛津布整理箱 收纳盒钢架箱 灰色3只装','空间优品 收纳箱55L 牛津布整理箱 收纳盒钢架箱 灰色3只装',25,99,120,12369,'46ae9a49c40b4da3b256bf1f974dd23e.PNG','2020-04-14 09:33:40','2020-04-14 09:33:40',NULL,NULL),(108,'浴室拖鞋架壁挂免打孔卫生间收纳神器厕所沥水挂架墙上门后置物架 9413','浴室拖鞋架壁挂免打孔卫生间收纳神器厕所沥水挂架墙上门后置物架 94133-拖鞋架',25,16.9,22.9,12369,'9a02af35e2384716ac15a6cdea3da40b.PNG','2020-04-14 09:35:20','2020-04-14 09:35:20',NULL,NULL),(109,'绿之源 84消毒片500片 含氯环境消毒液片泡腾片家用厨卫清洁家居室内','绿之源 84消毒片500片 含氯环境消毒液片泡腾片家用厨卫清洁家居室内除螨 消毒液片装',25,99,139,12369,'6b7e1877f809491d83d8ef03fa3594f6.PNG','2020-04-14 09:39:24','2020-04-14 09:39:24',NULL,NULL),(110,'日本浴室吸盘拖把挂钩 无痕免打孔 多功能挂架 单个装','日本浴室吸盘拖把挂钩 无痕免打孔 多功能挂架 单个装',25,18,28,12369,'f5592bc176364ebeaaf44c286b422248.PNG','2020-04-14 09:41:09','2020-04-14 09:41:09',NULL,NULL),(111,'墨斗鱼 墙贴画绿荫盆栽7543田园绿色小清新墙贴纸宿舍装饰品客厅卧室玄','墨斗鱼 墙贴画绿荫盆栽7543田园绿色小清新墙贴纸宿舍装饰品客厅卧室玄关书房冰箱房间墙壁温馨自粘墙纸',26,12.9,15,12369,'5602c877ef514880934145787a6d0c7b.PNG','2020-04-14 09:43:14','2020-04-14 09:43:14',NULL,NULL),(112,'马桶坐垫家用四季马桶贴坐便器垫圈防水毛绒冬季马桶坐便套粘贴式 卡通2片','马桶坐垫家用四季马桶贴坐便器垫圈防水毛绒冬季马桶坐便套粘贴式 卡通2片装',26,9.9,9.9,12369,'73d8ac0e297b42468058b1149bfef5f1.PNG','2020-04-14 09:46:06','2020-04-14 09:46:06',NULL,NULL),(113,'加厚防滑多功能桌脚垫 家具桌椅防磨脚垫 椅子凳子保护垫 方形48片','加厚防滑多功能桌脚垫 家具桌椅防磨脚垫 椅子凳子保护垫 方形48片',26,9.9,9.9,12369,'39ca64035d56425987f8a695b5403c05.PNG','2020-04-14 09:47:43','2020-04-14 09:48:09',NULL,NULL),(114,'自粘3d立体墙贴墙纸 客厅卧室餐厅装饰贴 电视背景墙壁纸贴纸 淡粉','自粘3d立体墙贴墙纸 客厅卧室餐厅装饰贴 电视背景墙壁纸贴纸 淡粉',26,17.9,20.9,12369,'30d44ab145264f3484e2b52988f5837e.PNG','2020-04-14 09:50:26','2020-04-14 09:50:26',NULL,NULL),(115,'尼康（Nikon） D5 单反数码照相机 专业级全画幅机身 旗舰CF版','尼康（Nikon） D5 单反数码照相机 专业级全画幅机身 旗舰CF版',27,41530,45530,12369,'50b066c9e70e48efbf3c99e3a772595e.PNG','2020-04-14 11:21:03','2020-04-14 11:21:03',NULL,NULL),(116,'三星 Galaxy S20 Ultra 5G(SM-G9880)','三星 Galaxy S20 Ultra 5G(SM-G9880)双模5G 骁龙865 1.08亿像素 100倍变焦 游戏手机 12GB+256GB 遐想灰',27,9999,9999,12369,'d12bcb6228f24a26b72eff9c91a720ed.PNG','2020-04-14 11:25:36','2020-04-14 11:25:36',NULL,NULL),(117,'Apple iPad Pro12.9英寸平板电脑2018年新款','Apple iPad Pro12.9英寸平板电脑2018年新款(256G WLAN+Cellular版/全面屏/A12X芯片/Face ID MTJ92CH/A)银色',27,9699,9699,12369,'172a3bc5c7c5418c8eff50f7f833ebf3.PNG','2020-04-14 11:28:36','2020-04-14 11:28:36',NULL,NULL),(118,'Apple 2019新品 MacBook Pro 16寸','Apple 2019新品 MacBook Pro 16【带触控栏】九代八核i9 16G 1TB 深空灰 Radeon Pro 5500M显卡 笔记本电脑 轻薄本 MVVK2CH/A',27,22199,22199,12369,'fbd98e6bf92644598a964b72e1c02b21.PNG','2020-04-14 11:32:46','2020-04-14 11:32:46',NULL,NULL),(119,'蒂森特（dste） 大疆 Osmo灵眸 PRO/RAW 专用电池 ','蒂森特（dste） 大疆 Osmo灵眸 PRO/RAW 专用电池 两电一充 备电套装',28,289,289,12369,'2403e0352ef34296986a00b4b15d8422.PNG','2020-04-14 11:36:57','2020-04-14 11:36:57',NULL,NULL),(120,' 便携三脚架 照相机迷你三角架 微单摄像机手机拍照直播支架 投影仪支架',' 便携三脚架 照相机迷你三角架 微单摄像机手机拍照直播支架 投影仪支架',28,39,45,12369,'520b94c3eea04d218c5900acb964476b.PNG','2020-04-14 11:39:10','2020-04-14 11:39:10',NULL,NULL),(121,'苹果新iPad保护套9.7英寸 2018新款2017平板电脑保护壳','苹果新iPad保护套9.7英寸 2018新款2017平板电脑保护壳 卡通全包防摔休眠皮套 小黄人正版Yellow Bello',28,79,88,12369,'5317cdd23f8146b5a19a497c3301fe67.PNG','2020-04-14 11:47:45','2020-04-14 11:47:45',NULL,NULL),(122,'铝合金笔记本散热器支架适用于苹果小米通用型笔记本电脑支架 桌面办公爱护','铝合金笔记本散热器支架适用于苹果小米通用型笔记本电脑支架 桌面办公爱护颈 NS05笔记本支架',28,69,69,12369,'b48316f1e7f24103afe6776352e9873b.PNG','2020-04-14 11:50:57','2020-04-14 11:50:57',NULL,NULL),(123,'电火锅韩式家用多功能5L电煮锅电热锅电炒锅HG1401','电火锅韩式家用多功能5L电煮锅电热锅电炒锅HG1401',29,99.9,99.9,12369,'d462c84928fe49359fa3f2259b8f2a14.PNG','2020-04-14 11:56:39','2020-04-14 11:56:39',NULL,NULL),(124,'电烤箱小型家用电器多功能12L迷你烘焙机小烤箱家庭用烤炉家电','电烤箱小型家用电器多功能12L迷你烘焙机小烤箱家庭用烤炉家电 KAO-1208',29,99,99,12369,'2662b2d8ac084acd832c92ed62238594.PNG','2020-04-14 11:58:43','2020-04-14 11:58:43',NULL,NULL),(125,'电饼铛可拆洗双面加热三明治机家用全自动华夫饼机早餐机DBC-P05B1','电饼铛可拆洗双面加热三明治机家用全自动华夫饼机早餐机 DBC-P05B1',29,189,198,12369,'369e5c446744485e90a9040ae0f72025.PNG','2020-04-14 12:01:44','2020-04-14 12:01:44',NULL,NULL),(126,'便携手持挂烫机 高温杀菌 平烫/挂烫二合一 小巧便携易收纳 ','便携手持挂烫机 高温杀菌 平烫/挂烫二合一 小巧便携易收纳 增压蒸汽 两档调温 挂烫机/电熨斗/烫斗',29,109,109,12369,'709ba9544a4245c7a652dac7d7d20f51.PNG','2020-04-14 12:04:43','2020-04-14 12:04:43',NULL,NULL),(127,'西门子(SIEMENS) 10公斤 变频滚筒洗衣机 降噪节能 ','西门子(SIEMENS) 10公斤 变频滚筒洗衣机 降噪节能 快洗15 防过敏程序 筒清洁 XQG100-WM12P2692W',30,3599,3599,12369,'469677c9167f4373ad0c939d1cfb7a73.PNG','2020-04-14 12:07:34','2020-04-14 14:38:35',NULL,NULL),(128,'华凌冰箱175升 两门家电 节能静音 双门双温 深冷速冻 家用冷冻冷藏','华凌冰箱175升 两门家电 节能静音 双门双温 深冷速冻 家用冷冻冷藏 （金色） BCD-175CH',30,799,799,12369,'b6a7ac621c654c2483b947d08418c907.PNG','2020-04-14 12:10:23','2020-04-14 12:10:23',NULL,NULL),(129,'TCL 65T680 65英寸液晶电视机 4k超高清 超薄 全面屏 ','TCL 65T680 65英寸液晶电视机 4k超高清 超薄 全面屏 人工智能 智慧屏 8米免遥控 MEMC运动防抖 教育电视',30,3699,4599,12369,'8bf03f858c3e439fa7c6e80c633fbf1c.PNG','2020-04-14 12:12:55','2020-04-14 12:12:55',NULL,NULL),(130,'美的（Midea）1.5匹 一级能效 i青春 小京鱼APP控制 变频','美的（Midea）1.5匹 一级能效 i青春 小京鱼APP控制 变频冷暖 京品家电 壁挂式空调挂机KFR-35GW/WCEN8A1@',30,2399,2599,12369,'783a7ffecf8e43c78b49f160595c37f0.PNG','2020-04-14 12:16:20','2020-04-14 12:16:20',NULL,NULL),(131,'欧莱雅（LOREAL）清润全日保湿水精华凝露 50ml（女士补水精华 ','欧莱雅（LOREAL）清润全日保湿水精华凝露 50ml（女士补水精华 面霜 保湿补水 细致毛孔）',31,137,137,12369,'942907e6e03a4d199139531037699f2d.PNG','2020-04-14 12:19:24','2020-04-14 12:19:24',NULL,NULL),(132,'丸美套装女 弹力蛋白凝时紧致套装提拉紧致抗皱防衰老补水保湿淡化细纹','丸美套装女 弹力蛋白凝时紧致套装提拉紧致抗皱防衰老补水保湿淡化细纹化妆品护肤品套装 保养液+紧致乳+紧致霜+面部精华',31,1021,1021,12369,'cd73ae8a5b75483bb6810813d7c6a707.PNG','2020-04-14 12:22:13','2020-04-14 12:22:13',NULL,NULL),(133,'SK-II小灯泡30ml护肤套装化妆品礼盒（礼盒内赠神仙水）SK2精华','SK-II小灯泡30ml护肤套装化妆品礼盒（礼盒内赠神仙水）SK2精华液 补水保湿 美白祛斑 祛痘印 礼物',31,1040,1040,12395,'378ceae9c1ca47d8b8f15561d72e0f58.PNG','2020-04-14 12:23:51','2020-04-14 14:46:36',NULL,NULL),(134,'娥佩兰OPERA 薏仁水500ml+薏仁膏180g送薏仁水45ml','娥佩兰OPERA 薏仁水500ml+薏仁膏180g送薏仁水45ml+薏仁面霜18g（薏仁水 面霜 精华?喱 嫩肤水 补水喷雾）',31,136,136,12368,'44e5b8b75b5a4d03abedd3a9b83d8878.PNG','2020-04-14 12:25:23','2020-04-17 03:07:50',NULL,NULL),(135,'惠普(HP)星14 青春版 14英寸轻薄窄边框笔记本电脑','惠普(HP)星14 青春版 14英寸轻薄窄边框笔记本电脑(R5-3500U 16G 512GSSD FHD IPS)银',1,3999,3999,12369,'41136597cff14537a5c8191d1b1f91df.PNG','2020-04-14 12:27:30','2020-04-14 12:27:30',NULL,NULL),(136,'惠普(HP)星14 青春版 14英寸轻薄窄边框笔记本电脑','惠普(HP)星14 青春版 14英寸轻薄窄边框笔记本电脑(R5-3500U 16G 512GSSD FHD IPS)银',1,3699,3699,12369,'e7217c571f3f4bc68c471ac36d42731b.PNG','2020-04-14 12:28:07','2020-04-14 12:28:07',NULL,NULL),(137,'惠普(HP)星14 青春版 14英寸轻薄窄边框笔记本电脑','惠普(HP)星14 青春版 14英寸轻薄窄边框笔记本电脑(R5-3500U 16G 512GSSD FHD IPS)银',1,4599,4599,12369,'510793b5d25845f5b4458eb4a62efe92.PNG','2020-04-14 12:28:26','2020-04-14 12:28:26',NULL,NULL),(138,'兰蔻（LANCOME）美丽人生花语香水30ml 化妆品套装香水 女士','兰蔻（LANCOME）美丽人生花语香水30ml 化妆品套装香水 女士香水 淡花果香 礼盒',32,520,520,12369,'8019e647daab42fdb9e156e45e273df7.PNG','2020-04-14 12:32:29','2020-04-14 12:32:29',NULL,NULL),(139,'迪奥（Dior）迪奥真我淡香氛50ml（女士淡香水 EDT淡香氛 花果','迪奥（Dior）迪奥真我淡香氛50ml（女士淡香水 EDT淡香氛 花果香调 优雅气质）',32,769,769,12369,'cd8b8ae3cbb34d0db5655b3c5ede4b80.PNG','2020-04-14 12:35:08','2020-04-14 12:35:08',NULL,NULL),(140,'香奈儿（Chanel）女士香水 持久淡香邂逅 COCO可可小姐 ','香奈儿（Chanel）女士香水 持久淡香邂逅 COCO可可小姐 送女朋友生日情人节礼物礼盒包装 香奈儿绿邂逅清新淡香水100ML',32,888,888,12369,'d26f52a13310407dbd3c985d2290ea8f.PNG','2020-04-14 12:37:12','2020-04-14 12:37:12',NULL,NULL),(141,'迪奥（Dior）迪奥小姐花漾淡香氛(EDT)30ml','迪奥（Dior）迪奥小姐花漾淡香氛(EDT)30ml（喷装 清新淡花香 初恋的气息 淡香水新老款随机）',32,552,552,12369,'074f2953ef23480097f8caf406bc677b.PNG','2020-04-14 12:38:32','2020-04-14 12:38:32',NULL,NULL),(142,'七匹狼皮带男自动扣牛皮时尚休闲款裤带简约中青年男腰带','七匹狼皮带男自动扣牛皮时尚休闲款裤带简约中青年男腰带M73821A339-01 黑色',33,98,98,12396,'c24c4e98feee4f39a285142696e5632b.PNG','2020-04-14 12:41:01','2020-04-14 12:41:01',NULL,NULL),(143,'fion拉杆箱新品 飞机万向轮静音行李箱 时尚商务出差旅行箱20寸铝框','fion拉杆箱新品 飞机万向轮静音行李箱 时尚商务出差旅行箱20寸铝框密码箱登机箱子 枣红',33,962,962,12369,'841f645ed6e44866b0c0324ec187efca.PNG','2020-04-14 12:43:03','2020-04-14 12:43:03',NULL,NULL),(144,'暇步士(Hush Puppies) 男士钱包长款优质双色头层牛皮商务','暇步士(Hush Puppies) 男士钱包长款优质双色头层牛皮商务休闲真皮钱夹男士票夹 黑色',33,189,189,12369,'9e3e2e982f3b408f8ae6b57ddd03b35a.PNG','2020-04-14 12:46:00','2020-04-14 12:46:00',NULL,NULL),(145,'CATHYLADI简约百搭通勤','CATHYLADI简约百搭通勤包【1号0:00上架，喜欢提前加购收藏，价格惊喜】 焦糖色 牛皮',33,2669,2669,12369,'b22c88d04c0844909359323710b78455.PNG','2020-04-14 12:48:39','2020-04-14 12:48:39',NULL,NULL),(146,'汇仁 肾宝片 126片','汇仁 肾宝片 126片',34,322,322,12369,'43897c77728645038544451d4b8170da.PNG','2020-04-14 12:50:53','2020-04-14 12:50:53',NULL,NULL),(147,'九芝堂 六味地黄丸（浓缩丸）618丸 男女肾虚肾亏肾阴亏中药品滋阴补肾','九芝堂 六味地黄丸（浓缩丸）618丸 男女肾虚肾亏肾阴亏中药品滋阴补肾 六位地黄丸',34,49.9,49.9,12369,'3dfb281e51264a59aa8f948840167bdb.PNG','2020-04-14 12:53:05','2020-04-14 12:53:05',NULL,NULL),(148,'济民可信金水宝胶囊270粒礼盒装 虫草菌粉补肾虚补肺虚 中药抗疲劳乏力','济民可信金水宝胶囊270粒礼盒装 虫草菌粉补肾虚补肺虚 中药抗疲劳乏力 咳喘腰酸健忘身体虚',34,248,248,12369,'92194e062d5b418d9b3161ea7fe722fb.PNG','2020-04-14 12:54:42','2020-04-14 12:54:42',NULL,NULL),(149,'海氏海诺 急救包 医药箱 药箱 家用户外急救箱应急包 156组件套装','海氏海诺 急救包 医药箱 药箱 家用户外急救箱应急包 156组件套装',34,139,139,12369,'1456c2cd4ac2411e9f5d396fc6e8f5fe.PNG','2020-04-14 12:57:32','2020-04-14 12:57:32',NULL,NULL),(150,'海名威 冷冻海鲜什锦300g 火锅食材 2人份 袋装 生鲜海鲜水产','海名威 冷冻海鲜什锦300g 火锅食材 2人份 袋装 生鲜海鲜水产',35,39.9,39.9,123699,'928a851e40cb4c979e21701f1096a6a2.PNG','2020-04-14 13:03:09','2020-04-14 13:03:09',NULL,NULL),(151,'菜字头 台式卤肉170g*4袋方便面食好搭档速冻菜肴 生鲜美味方便菜 ','菜字头 台式卤肉170g*4袋方便面食好搭档速冻菜肴 生鲜美味方便菜 加热即食方便速食（早餐 午餐 晚餐 夜宵）',35,35,35,12369,'4e0a167fdf8547a6b68437221cdf984c.PNG','2020-04-14 13:04:46','2020-04-14 13:04:46',NULL,NULL),(152,'上海小南国 手工蛋饺三鲜汤450g 速冻菜 地道海派风味 方便菜','上海小南国 手工蛋饺三鲜汤450g 速冻菜 地道海派风味 方便菜(早餐午餐晚餐夜宵)加热即食 方便面 面食好搭档',35,39.6,39.6,12369,'02987cef80854599b4d25242cbbb260f.PNG','2020-04-14 13:06:33','2020-04-14 13:06:33',NULL,NULL),(153,'满家乐 金汤原味酸菜鱼380g 内含老坛酸菜包 调味料包 ','满家乐 金汤原味酸菜鱼380g 内含老坛酸菜包 调味料包 鱼片鱼肉包半成品方便菜可做火锅食材 四口味组合装',35,169,169,12369,'f91c4765be0a47febfc7df76ae032f5c.PNG','2020-04-14 13:08:57','2020-04-14 13:08:57',NULL,NULL),(154,'鱼跃(YUWELL) 低频理疗仪SDP-330 低频电子脉冲治疗仪','鱼跃(YUWELL) 低频理疗仪SDP-330 低频电子脉冲治疗仪电疗仪家用颈椎腰椎按摩仪 肩周炎治疗仪便携按摩仪',36,229,229,12369,'f87176a51947405fb189666bf32eb838.PNG','2020-04-14 13:10:56','2020-04-14 13:10:56',NULL,NULL),(155,'善存（Centrum）复合维生素b 保健品 男 成人多种营养素矿物质','善存（Centrum）复合维生素b 保健品 男 成人多种营养素矿物质80片 富含维生素c vc',36,173,173,12366,'18f1a28106fa4bddb6ea3471698afcbb.PNG','2020-04-14 13:13:34','2020-04-14 14:46:36',NULL,NULL),(156,'何浩明DR HOS 膝盖理疗仪 膝关节按摩器腿部热敷电热运动护膝关节','何浩明DR HOS 膝盖理疗仪 膝关节按摩器腿部热敷电热运动护膝关节炎滑膜炎半月板保暖中老年老寒腿 ',36,666,666,159632,'b8786c8c5bf74f4299b9d99c9dfaeb64.PNG','2020-04-14 13:15:47','2020-04-14 14:30:33',NULL,NULL),(157,'法国进口ERIC FAVRE艾瑞可 时间控制胶囊 60粒/盒 男性补肾','法国进口ERIC FAVRE艾瑞可 时间控制胶囊 60粒/盒 男性补肾延时持久缓解疲劳保健品',36,399,399,12369,'471df3e64c0a4f57973b7ad4be5ededa.PNG','2020-04-14 13:18:11','2020-04-14 13:18:11',NULL,NULL),(158,'兵行者数码迷彩指挥作业箱航空箱野战通信侦查器材箱物资战备箱大型运输生存','兵行者数码迷彩指挥作业箱航空箱野战通信侦查器材箱物资战备箱大型运输生存训练箱 100cmX60cmX50cm',37,1125,1125,12369,'5701226940b946cd915f2a6b0b2695d8.PNG','2020-04-14 13:19:42','2020-04-14 13:21:06',NULL,NULL),(159,'OPPO Ace2 8+128 月岩灰双模5G 185g超薄机身 ','OPPO Ace2 8+128 月岩灰双模5G 185g超薄机身 65W超级闪充 40W无线闪充 90Hz电竞屏高通骁龙865游戏智能手机',37,3999,3999,12369,'b098fd2439e14a1997f6d1feac8a4d0b.PNG','2020-04-14 13:23:18','2020-04-14 13:23:18',NULL,NULL),(160,'小米10 双模5G 骁龙865 1亿像素8K电影相机 对称式立体声','小米10 双模5G 骁龙865 1亿像素8K电影相机 对称式立体声 8GB+128GB 钛银黑 拍照智能游戏手机',37,3999,3999,12369,'24ca8d254f684e6ebe1c843cc91ffbfd.PNG','2020-04-14 13:25:07','2020-04-14 13:25:07',NULL,NULL),(161,'华为 HUAWEI Mate 30 Pro 5G 麒麟990 ','华为 HUAWEI Mate 30 Pro 5G 麒麟990 OLED环幕屏双4000万徕卡电影四摄8GB+256GB丹霞橙5G全网通游戏手机',37,6399,6399,12369,'958983b9100e421b81b24b47a0719523.PNG','2020-04-14 13:26:41','2020-04-14 13:26:41',NULL,NULL),(162,'三星Galaxy S10+ (SM-G9750) 骁龙855超感屏','三星Galaxy S10+ (SM-G9750) 骁龙855超感屏 超声波屏下指纹 4G手机全网通 双卡双待游戏手机8GB+128GB琉璃绿',37,4999,4999,12369,'ca306174b92246c1a354527c6cf3463e.PNG','2020-04-14 13:28:49','2020-04-14 13:28:49',NULL,NULL);
/*!40000 ALTER TABLE `product` ENABLE KEYS */;
UNLOCK TABLES;

--
-- Table structure for table `product_category`
--

DROP TABLE IF EXISTS `product_category`;
/*!40101 SET @saved_cs_client     = @@character_set_client */;
/*!50503 SET character_set_client = utf8mb4 */;
CREATE TABLE `product_category` (
  `id` int(11) NOT NULL AUTO_INCREMENT COMMENT '序号',
  `category_name` varchar(100) NOT NULL COMMENT '类别名',
  `sort_order` int(5) DEFAULT NULL COMMENT '排序',
  `description` varchar(255) DEFAULT NULL COMMENT '描述',
  `image` varchar(255) DEFAULT NULL COMMENT '图片',
  `update_time` timestamp NULL DEFAULT CURRENT_TIMESTAMP ON UPDATE CURRENT_TIMESTAMP COMMENT '更新时间',
  PRIMARY KEY (`id`),
  UNIQUE KEY `category_name_UNIQUE` (`category_name`)
) ENGINE=InnoDB AUTO_INCREMENT=47 DEFAULT CHARSET=gb2312 COMMENT='产品类别表';
/*!40101 SET character_set_client = @saved_cs_client */;

--
-- Dumping data for table `product_category`
--

LOCK TABLES `product_category` WRITE;
/*!40000 ALTER TABLE `product_category` DISABLE KEYS */;
INSERT INTO `product_category` VALUES (1,'电脑',6,'电脑硬件等',NULL,'2020-03-31 06:28:22'),(4,'休闲食品',4,'可以休闲的食品',NULL,'2020-04-10 05:47:38'),(5,'罐装食品',5,'罐装速食食品',NULL,'2020-04-10 05:53:18'),(6,'酒水饮料',6,'可以喝的',NULL,'2020-04-10 05:55:23'),(7,'奶制品',7,NULL,NULL,'2020-03-26 01:32:21'),(8,'粮油',8,NULL,NULL,'2020-03-26 01:32:21'),(9,'厨房调料',9,NULL,NULL,'2020-03-26 01:32:21'),(10,'女装',10,NULL,NULL,'2020-03-26 01:32:21'),(11,'男装',11,NULL,NULL,'2020-03-26 01:32:21'),(12,'童装',12,NULL,NULL,'2020-03-26 01:32:21'),(13,'内衣裤',13,NULL,NULL,'2020-03-26 01:32:21'),(14,'运动类',14,NULL,NULL,'2020-03-26 01:32:21'),(15,'配饰',15,NULL,NULL,'2020-03-26 01:32:21'),(16,'男鞋',16,NULL,NULL,'2020-03-26 01:32:21'),(17,'女鞋',17,NULL,NULL,'2020-03-26 01:32:21'),(18,'车饰',18,NULL,NULL,'2020-03-26 01:32:21'),(19,'玩具',19,NULL,NULL,'2020-03-26 01:32:21'),(20,'床品',20,NULL,NULL,'2020-03-26 01:32:21'),(21,'文化体育',21,NULL,NULL,'2020-03-26 01:32:21'),(22,'婴儿专用',22,NULL,NULL,'2020-03-26 01:32:21'),(23,'洗护用品',23,NULL,NULL,'2020-03-26 01:32:21'),(24,'卫生用品',24,NULL,NULL,'2020-03-26 01:32:21'),(25,'居室日用',25,NULL,NULL,'2020-03-26 01:32:21'),(26,'家装软饰',26,NULL,NULL,'2020-03-26 01:32:21'),(27,'数码产品',27,NULL,NULL,'2020-03-26 01:32:21'),(28,'数码配件',28,NULL,NULL,'2020-03-26 01:32:21'),(29,'小家电',29,NULL,NULL,'2020-03-26 01:32:21'),(30,'大家电',30,NULL,NULL,'2020-03-26 01:32:21'),(31,'面部保养',31,NULL,NULL,'2020-03-26 01:32:21'),(32,'彩妆香水',32,NULL,NULL,'2020-03-26 01:32:21'),(33,'箱包皮具',33,NULL,NULL,'2020-03-26 01:32:21'),(34,'医药',34,NULL,NULL,'2020-03-26 05:25:02'),(35,'厨房生鲜',35,NULL,NULL,'2020-03-26 05:25:02'),(36,'保健',36,NULL,NULL,'2020-03-26 05:25:02'),(37,'通信器材',37,NULL,NULL,'2020-03-26 05:25:02');
/*!40000 ALTER TABLE `product_category` ENABLE KEYS */;
UNLOCK TABLES;

--
-- Table structure for table `product_image`
--

DROP TABLE IF EXISTS `product_image`;
/*!40101 SET @saved_cs_client     = @@character_set_client */;
/*!50503 SET character_set_client = utf8mb4 */;
CREATE TABLE `product_image` (
  `id` bigint(10) NOT NULL AUTO_INCREMENT COMMENT '序号',
  `product_id` bigint(10) NOT NULL COMMENT '产品序号',
  `image` varchar(255) NOT NULL COMMENT '图片名字',
  PRIMARY KEY (`id`),
  KEY `product_image_ibfk_1_idx` (`product_id`),
  CONSTRAINT `product_image_ibfk_1` FOREIGN KEY (`product_id`) REFERENCES `product` (`id`)
) ENGINE=InnoDB AUTO_INCREMENT=424 DEFAULT CHARSET=gb2312 COMMENT='产品图片表';
/*!40101 SET character_set_client = @saved_cs_client */;

--
-- Dumping data for table `product_image`
--

LOCK TABLES `product_image` WRITE;
/*!40000 ALTER TABLE `product_image` DISABLE KEYS */;
INSERT INTO `product_image` VALUES (32,24,'f761723144204102816c3260fd58ec28.PNG'),(33,24,'a66d359f329f493095e468850548ad6c.PNG'),(34,24,'44ad4794392b48eda2eb3f81c7d41edd.PNG'),(35,25,'b0ad1c67222947a2898594d622e44ee0.PNG'),(36,25,'7ae1a743a052461fbc5163178eb1213c.PNG'),(37,25,'2251185ae8fc483d97a30155fe7d274e.PNG'),(38,25,'78490746431e4673a6edcb648fab0dd8.PNG'),(39,25,'928aca3fb7f74f28a29a5b0ce864a16f.PNG'),(40,26,'fdd3d45dc6a7407a916b8898f31041c6.PNG'),(41,26,'4646e4813d114fc9b2f6ed64889eeeb0.PNG'),(42,26,'cf44cbc54d944458996a7aaea8bfc692.PNG'),(43,27,'87ecd336ff384957bf9cc331ce691e33.PNG'),(44,27,'15777bff73b845718f13d6b9a63728b0.PNG'),(45,27,'888fe4ed59a34c16b44b3870ca4b198d.PNG'),(46,27,'432039cdb7bd4c628ab5a3b714b44851.PNG'),(47,27,'8d1e9cb93ca34e4d833845e2d30c77eb.PNG'),(48,28,'44f1634a8267499c85e485f24edbde8d.PNG'),(49,28,'9920152b804e4f2f9d6ee951685591c2.PNG'),(50,28,'6e8d1e7167424afdbde274b88dd00ff0.PNG'),(51,28,'d4284142e9c346d1962cf596ea860ecb.PNG'),(52,28,'52269fb1f7374bc4ad7456d1ebed4e93.PNG'),(53,29,'c33f94d4254c4f7580c19e6e0ac730f0.PNG'),(54,29,'102b31585b1247be8fcf7cea522a33a8.PNG'),(55,29,'f6b1501c1c204724b5479c1768b3e3fb.PNG'),(56,29,'93dcfd5c4f1242579a56a86dc4c8ea85.PNG'),(57,30,'fd5f9506aae24b7998a35a5bd5f35863.PNG'),(58,30,'5d7a3a3889fe432e9c436301fcd9f38d.PNG'),(59,30,'50932a2025754c33a3883cec28236093.PNG'),(60,30,'96dd3e817bf144349d5108f7fe3b354d.PNG'),(61,30,'704c08fb703b4e52b8dc7254dcdb025c.PNG'),(62,31,'601e2202c30542cc90b92ca822e9edce.PNG'),(63,31,'35e58ea1bea14f349df693dcfa9b7cd7.PNG'),(64,31,'9d16317ad317404ca7f40a330212af48.PNG'),(65,31,'a296f4508ab64ada9c493271675d69ba.PNG'),(66,32,'3d159b1a01224797b4d6e7743d858f8e.PNG'),(67,32,'edaab1ba68f44da2ba3de94aafe2b969.PNG'),(68,32,'5b5e6a249ed642f59b5487262f9dbdfc.PNG'),(69,32,'3425ecc04e334d2f943f2448e646d17a.PNG'),(70,19,'88fab86d1fbb4868b64269b0e1acd1e1.PNG'),(71,19,'660ed4c921fb4f0b938a939c649478be.PNG'),(72,19,'6182cf2a8b364888bb7a16c6c43e8f38.PNG'),(73,19,'accfd168d16a4539b92d585eadcd54fc.PNG'),(74,33,'117af31c9a204cb185b655c5cd178cdf.PNG'),(75,33,'bf001c533938485cb68ffbcf15423352.PNG'),(76,33,'f344fda727fe4e76b35e82c19c147f2c.PNG'),(77,33,'c1b23006e9cb4c19a55f0805934485df.PNG'),(78,33,'819f4ebdf10b4be8939aead606ca7b56.PNG'),(79,34,'3842d0e0abb64121ae5865468ec61c1d.PNG'),(80,34,'acaa790233ab429d8f0d2c5e34c44c8b.PNG'),(81,34,'59a211aee9e14c64926a6c02d6c5885f.PNG'),(82,34,'d44b438ed20e427990f0c8c287562047.PNG'),(83,35,'a751a997ba24475d804a14334dad1898.PNG'),(84,35,'6149438e7d97433a90a124cd327da76f.PNG'),(85,35,'9ba3cd2d50634f429ed1e2514a0a2457.PNG'),(86,35,'f667d8132f53406ea4ac32b6a13c3a09.PNG'),(87,21,'520210405b1547eb9f89c68fc26dd28b.PNG'),(88,21,'549a7350353f47f6bc4f3979e4bfca9b.PNG'),(89,21,'51922995fcd148f58178f2dfd5c29b5e.PNG'),(90,36,'bfb1139961c84a31bec03dbf568df502.PNG'),(91,36,'74d251c4386a418e8450688954347933.PNG'),(92,36,'aedfd4286fd84da5b30efb0965dadf3d.PNG'),(93,37,'28fb8c8b61fd4903b549c30657601586.PNG'),(94,37,'8f5fa778a6604600bc9dd9ff376e96cc.PNG'),(95,37,'72527e413da54b08b48b2b80258fa4e4.PNG'),(96,37,'94a8414ad26b4fd2919e4262721cf893.PNG'),(97,38,'819b29fd975b4c0eb7e4d76ce6b04de2.PNG'),(98,38,'1c1fe56c35334d08a941037722b1e369.PNG'),(99,38,'25b2c06db02b4d8fa0c9c3f136ee83a4.PNG'),(100,38,'2d17022c5e0444fb8a85d4f81a6c9332.PNG'),(101,39,'6b4597f2e05e4dc8b484627f34ae2484.PNG'),(102,39,'df55f65ec61f4e1e81752e76d62df9e2.PNG'),(103,39,'24f5fc2f346d4273b2fc8e81b10b4ca4.PNG'),(104,39,'10ffd6be20ea44adb0473961df4825a5.PNG'),(105,39,'d3eecd73a9ba45c8863458294f135d20.PNG'),(106,40,'f303f7af5cf54addb08d85079ff3ba8c.PNG'),(107,40,'b57d8354d1824464a6d7b937a70a9bec.PNG'),(108,40,'10f2688bf9694705b9d6faa6896ceff1.PNG'),(109,41,'2d93b243637b415c813fdac35329b54d.PNG'),(110,41,'ab844bbf72d84e1da68bc476404fe66e.PNG'),(111,41,'e4e2755ff8ba450b9205befefdc0b248.PNG'),(112,41,'f126a0643ceb40b096602c28d9d707b0.PNG'),(113,41,'b936857fcf4e40cc8de692afd90d63c9.PNG'),(114,42,'7f73de1ada5c4727b1a59e4551dab09d.PNG'),(115,42,'152b9ca4dcea4a83adf39ae81c3409e8.PNG'),(116,42,'f59b90193a344747a4bab6d91b4ae90c.PNG'),(117,42,'2c450c1519f64c57baae0f41489d89c3.PNG'),(118,42,'e1bffcbadfd648a18e8f8a6727d3d6a0.PNG'),(119,42,'142d70e5ceb242b19a72de20d791f83b.PNG'),(120,43,'09304da433414f02874462f6658e05b7.PNG'),(121,43,'c181b42b0efe4db786bc65eccabeb008.PNG'),(122,43,'982b164d24b54177b08ec0db8d2782f8.PNG'),(123,43,'044157b4a57b43c2a1772218510a0cc8.PNG'),(124,43,'6c2603ae1445454ebe62e86490f89462.PNG'),(125,43,'eabe6ae74fa34c4a998a8d6c9c70817c.PNG'),(126,43,'d94eb197979643018c4773480cd41eed.PNG'),(133,44,'8fbc0fec9ce54d58b306e3863bb9dcd6.PNG'),(134,44,'f36ad19d1a4747bf9485a83ee90078b0.PNG'),(135,44,'9603ba3d84b846c09ef5ab6f273c5ccb.PNG'),(136,44,'e572188a2d084f6fa7cc5316d90eb938.PNG'),(137,44,'499ea7347ad4428fb48ffb485d84e3ed.PNG'),(138,45,'39a07b437b6244668f1b58e97a339fdf.PNG'),(139,45,'306935cdb8d445e8905ab8b658ff72a3.PNG'),(140,45,'dd3031e012af423a9f49be24a6323873.PNG'),(141,45,'4b8c7a068e734636abed20594d9d359c.PNG'),(142,46,'97dcabb45d714e4999e166dc3c2b7f9a.PNG'),(143,46,'3e5ce72af4e248bc8818130f430a77b7.PNG'),(144,46,'0224f2e5d9a74d509c9e526cc27bb707.PNG'),(145,46,'4d152bd1cf42420781fc164480d88f15.PNG'),(146,47,'b2a3640db6ff4f16a54344f93336c155.PNG'),(147,47,'b0b924b1504746169acb95aa4dc75b9f.PNG'),(148,47,'83b25687868544539a109748495ff151.PNG'),(149,48,'ac42aa3c8e47406e92d977d32ad401fb.PNG'),(150,48,'07d37f954f7747fca30570864ab8113a.PNG'),(151,48,'e260381164944d6f8c3393cdc45afaa1.PNG'),(152,48,'1bf121c6c02a48c389a8c1205c70183a.PNG'),(153,49,'1a3a9156795f44ff9b533195b28f150f.PNG'),(154,49,'595405c66766488d916d3c2b97288f64.PNG'),(155,49,'c6113e1f5ae843619d73f850d56ad6fb.PNG'),(156,49,'cc877bd16a97428292ab55facaf71c35.PNG'),(157,50,'f9899f6c2ccd424d87b9f69ccb650d8b.PNG'),(158,50,'43e21fb325d748868f6f8dcd77d9f4fa.PNG'),(159,50,'0eb4edd75ed74b0c88122d6ac81a46f6.PNG'),(160,50,'cf9ea56bbbb040f8853f9c7de81d1b5d.PNG'),(161,50,'41b1ee4cda0e410489daf3c402532583.PNG'),(162,51,'6110fb7bdd5145d3b50c2eb3d55574b2.PNG'),(163,51,'fd05a4966de549cfa6e14ed69dae2fff.PNG'),(164,51,'9022be2295ba4cd78cab1696e9f73269.PNG'),(165,52,'b8ecbf46370043679976937dcd81ef2f.PNG'),(166,52,'2fa5e73cd883443dae2ad01f406bd6dc.PNG'),(167,52,'841e678c3b2a4e86b3c5085dffcef99e.PNG'),(168,52,'e6892bfba09f459588b436dccdc0963a.PNG'),(169,53,'138521f20b954b609edcb069e6c80d5a.PNG'),(170,53,'11ffe91b5afb44b098dd1e850de67856.PNG'),(171,53,'da2ab28713eb4b4fa08c73743c982568.PNG'),(172,53,'7c93f164de014a6ba60ace6a6e21e547.PNG'),(173,54,'bf987d493a1c46d8bb2b1b8c51e3b0f5.PNG'),(174,54,'8f9d7e9f05b946b78fd77815e8ec0acd.PNG'),(175,55,'78933ff1c0e94f138faafde1b15fc542.PNG'),(176,55,'ee06fddb1a084a18a7d3d5f71216b14a.PNG'),(177,55,'9ef29302cb40430e8ae5eca3a151dfdd.PNG'),(178,56,'13fe9d63877f420a949d0e98275f5ec2.PNG'),(179,56,'351026a71f9043dfa26ad20ac446639d.PNG'),(180,56,'fe53c941e79649589acba64d6a1df9ce.PNG'),(181,56,'878a5573fba244daaceb836cd25f27ed.PNG'),(182,57,'9375a46abf974b79a6fd5682b8c7d03a.PNG'),(183,57,'75f1a74fbb254fde9ffdb4782863f082.PNG'),(184,57,'8818fa8afa064f6eaa76021c0fa42007.PNG'),(185,58,'c42addc65695450a82734a5fe8012c22.PNG'),(186,58,'6bfa7e4c3d984d9ea512c4d4cb51dcdd.PNG'),(187,58,'256c40cb9bcc4522956caf0a799c7f09.PNG'),(188,58,'199faaa62c554f6980ab90b05ea931ec.PNG'),(189,59,'f263252efbd6468eb0ea3f0c152aa9b8.PNG'),(190,59,'6f9d249a26954263a73925077470a74b.PNG'),(191,59,'e26d2cf4d4054f83b4302d4adeb64b42.PNG'),(192,59,'27d9d918affa45259135d977e58afb16.PNG'),(193,60,'a165a325f2934e06ba46d75763cb9062.PNG'),(194,60,'d2dc9f46e9fd4811987abad21e042d3f.PNG'),(196,61,'5be2cbea805647edad632da0f9df02ca.PNG'),(197,61,'dffa0c2b63dd469f9da86af7c57953dc.PNG'),(198,62,'369d43ea988f4d5a8a1b34fda48eb3c9.PNG'),(199,62,'ee8300d5116648dc9689a4f77b0c2603.PNG'),(200,62,'f8f4c55863d242c793ca8970c3969317.PNG'),(201,62,'54a26d6bb3994342bb91bc10582dd350.PNG'),(202,63,'825db8b6428141d2a6e49289df48dc48.PNG'),(203,63,'fedef13c8f1e4661b647a290b12f1e53.PNG'),(204,63,'43afebbb942c4d238168743934e98ecf.PNG'),(205,63,'08b33f6aad3340cdac13522283bb4c62.PNG'),(206,63,'dcb650b3b30d40eabe5531277f7d3c6b.PNG'),(207,64,'6a9da393fd144034bac3156de2e95170.PNG'),(208,64,'ca4b5b6f7a43493d863bd52fccbd4f6e.PNG'),(209,64,'085ba130dd4b4e998509eefac560cd39.PNG'),(210,64,'ec2431f7eb78458fb8f3b65b12e2b540.PNG'),(211,65,'60a06b6c53de46c082ca15dca63a00c4.PNG'),(212,65,'009e094e3bc746ca8e36e4e75e327c1d.PNG'),(213,65,'b7467cc5ddd8423fa788d9d1e767bfb8.PNG'),(214,66,'d80df4ffdcab493b8a4ee4d3271ca097.PNG'),(215,66,'524633787319457393b5b0318ce934fc.PNG'),(216,66,'0e878e17c2724c3e94d6a822cd495ca8.PNG'),(217,66,'c02ed743189f47829887d6d319c014a7.PNG'),(218,66,'fdcb12e92f2f41a1ba102ff578529191.PNG'),(219,67,'e697bac69aa5450e8df3dc0b3d3bea02.PNG'),(220,67,'d5c3fc38b3c0419db220512754d4aabb.PNG'),(221,68,'faff0b3430434ac597baea2485e9d684.PNG'),(222,69,'0b917591a6bb4fceacbf859bd31a4df2.PNG'),(223,69,'23768a6d7cb546799fdae68981cc4ccf.PNG'),(224,70,'756e68e98f6e440293949457e8e3d61c.PNG'),(225,71,'130488d5093d41b3b3b0056a18f57d3b.PNG'),(226,71,'3f2bd74db2c04d4a9b5150cf4e9a5e88.PNG'),(227,71,'0f5bb76a750c42498f4e2356bc9e2565.PNG'),(228,72,'a47cba13686f45d888ebbed38de8065b.PNG'),(229,72,'c8521e70c89845b995359a7ef996a9ed.PNG'),(230,72,'6a05253ec5114150b11e9fc023fceb27.PNG'),(231,72,'c8e43e7b699b433d91d8446f11e16c29.PNG'),(232,73,'2ac2ddee62e84aa9bc073053a0aac192.PNG'),(233,73,'24ad485a3db94e01ae7981a426438a78.PNG'),(234,73,'09524ddb242541fe830d91963962aa14.PNG'),(235,73,'c24bd89f9b5544a0950c5ba5db1f3ac3.PNG'),(236,74,'f76759d6dd6d4840be350b1d640e5b07.PNG'),(237,74,'92b3a31179244e71abaa5c5277f97ba4.PNG'),(238,74,'865420b56e104fa39c1684258d67d112.PNG'),(239,75,'6b2fa802e8bd464da6ae8e8493f0c552.PNG'),(240,75,'355f4a7bf119498eb0b458cf76df3f38.PNG'),(241,75,'507f1ad0f8c94e3f8182f9478f396437.PNG'),(242,75,''),(243,76,'adee998aef1043ba8bebc58710618435.PNG'),(244,77,'12cda43c57194bc49568bcfb8be0e4ee.PNG'),(245,77,'6313352c4ec54f458aef84df9891dce7.PNG'),(246,78,'8569e13a60ee4c76a9f45d77c777704a.PNG'),(247,78,'66aa084ef4b2460ba1e87ebca9de01b4.PNG'),(248,79,'db7d62875ff141f6a8496d40c0fcb469.PNG'),(249,79,'12edd68d397c4ff3bddec7803774c1fc.PNG'),(250,79,'f7fe64951f564698a7d3b47b8384652b.PNG'),(251,79,'a734e44878e8446f92991a0a5b2b1409.PNG'),(252,80,'00cfc9d524d94c82a92f3948114c1405.PNG'),(253,80,'56dce38d08f447bdb247e1b0ff926a1e.PNG'),(254,81,'42fe0cef6b044f7a8596961b8c03bd53.PNG'),(255,81,'a8fa56bfdd5d4319be6647e3d606844d.PNG'),(256,82,'717b251e74b945638735585b21c1869b.PNG'),(257,83,'c3339d08cc7a4d74b5c7aae1ae0d4b95.PNG'),(258,83,'525b5ef333a04c59a2c1e807a4ef08ef.PNG'),(259,83,'6ba3e4eaec18415a96d5b61c117974eb.PNG'),(265,85,'cbf2183a7c0844ca925f5d3a710d28d0.PNG'),(266,85,'b182c1e9ce4948389334ec95faa70972.PNG'),(267,86,'1bef04aafb4c48c9a9ba6eab8985d76c.PNG'),(268,86,''),(269,87,'a07dd6abaf1d411d89b71899da8a9d13.PNG'),(270,87,'1a9900ae5978499eb19817cb76c0b3a9.PNG'),(271,87,'d6d5273f45c84cbfa184f7ad97a6554c.PNG'),(272,87,'0412206e786344ad98f8aee1914132d9.PNG'),(273,88,'056579aff97a442cbaa4a778d67ebdac.PNG'),(274,88,'9a166560a1d34a6b91a991f6a13c551a.PNG'),(275,88,'5ceee0e3d8634521b9632a3d2a680fa0.PNG'),(276,89,'70b015dd13884763bb68002a73437d32.PNG'),(277,89,'50a3ac10b68648d5af7d948febde198d.PNG'),(278,90,'14ba3815e10049298ece46ca13f3928b.PNG'),(279,90,'a121ecf968fe476e9e2891903a6756b9.PNG'),(280,91,'a8e15aa720a4483cbeab2910b651f191.PNG'),(281,91,'b4f56405edae4434a582d3c77df47640.PNG'),(282,92,'28ac0d2224ac421ea18635fb093df334.PNG'),(283,92,'d5a69e8b41a34d83856feb5620aace16.PNG'),(284,93,'f9eecd8dcdac4fe0a1cd6969c2bfef91.PNG'),(285,93,'be7ceb12d51d4e648f3529f0b659cc46.PNG'),(286,93,'c728bfea09e349b386d12214dc64186a.PNG'),(287,94,'f1a0e05a6d904c4d8809678ec624ebf2.PNG'),(288,94,'9cdc701a1f5a4aad9c7d037d562e5f50.PNG'),(289,94,'f0b7eabac109426ca9ba5593a03087ce.PNG'),(290,95,'51b9828308fd4b719f7667b6eb9f54b0.PNG'),(291,95,'23d3beb22f9d40dfb5df950804a55dc7.PNG'),(292,95,'63a9b6403bb242c7816d0c091210bd23.PNG'),(293,95,''),(294,96,'7d003c2b8f064a33b4a67a72795f6796.PNG'),(295,96,'f687f619a4354d58a5adecd8d8e40339.PNG'),(296,96,'9d557315bf0c46b2a692a38fcdecef1e.PNG'),(297,97,'bda1e90959d94d5389871899c342b807.PNG'),(298,97,'d34d4f9d761d441c8111bc08bd05a0f0.PNG'),(299,98,'318834ffefab476585bc28ae3b5bcc6c.PNG'),(300,98,'836cab03500f46b6acc7c400985ad3a8.PNG'),(301,99,'37cfd0242b844654a8d4e10728c2bb19.PNG'),(302,99,'ccc0788c4aad409ba13f7ca008ed6a78.PNG'),(303,100,'c71aa0ac7d574aa49d775a56fc2d5a3b.PNG'),(304,100,'cd568c1c185e47b6986b0124d391835b.PNG'),(305,101,'60bd41754b7e4179a632e95ca0e0a983.PNG'),(306,101,'10781ccedc2e41c3aab4da854332ff3b.PNG'),(307,101,'217b7a9bfd704cef89aee60799b73688.PNG'),(308,102,'006ca2483ea1448c912c32053a8e3d1a.PNG'),(309,102,'a06af121f757411a899c99f0218fffae.PNG'),(310,103,'1ac48e20051e4e4eb733ddac05ff37e1.PNG'),(311,103,'65b056f36cb244d399d76b79b445ff51.PNG'),(312,104,'343a3c20c5274a50bd0021ca94fa2c29.PNG'),(313,104,'bf1e8e8a9c3441d0a57a1d1745acb64b.PNG'),(314,104,'11e320b470884d999f4b6b1fd2701af7.PNG'),(315,104,'27b3277a83b2467591be675a1cbf5d14.PNG'),(316,105,'1f607dd9815d4394b4b94cee98c0f8ad.PNG'),(317,105,'3de1d7eedb0c47d9903bea51e584d420.PNG'),(318,106,'608c22ecf4624c41b5d3d14a229021f0.PNG'),(319,106,'d2f5da418de54b4c8e5ac82970f7a45e.PNG'),(320,107,'7df5933157984ce4bfd92fe64dc8eaf3.PNG'),(321,107,'1515b04e81b543d991423f86c8319ebe.PNG'),(322,108,'8fef69cac7374a5f8d81dabeb2c4f2be.PNG'),(323,108,'9a997d2408714ab4a4798bd9dbb0cb89.PNG'),(324,109,'11389a4955b3492c8bd393adb85cf44d.PNG'),(325,109,'82962b33fafb437d900932ec15410537.PNG'),(326,110,'d5194f7d6d9745b8963cd7c30b8c726c.PNG'),(327,110,'9240f598bb234723afb9fb9e788ae294.PNG'),(328,111,'c158a81cd5c54489903e0de56ebf98ca.PNG'),(329,111,'9fbd9a54e1c44b43b0b403ad02dba82a.PNG'),(330,112,'4fefe15931da44dfb5e1a36fd19bc5a2.PNG'),(331,112,'8ceac99c97a24b98a5f1c016d73dd884.PNG'),(332,113,'8f19c1af7081483997e2a39de4a88f1f.PNG'),(333,113,'73a6c29b81674804b383ffff21f6b06c.PNG'),(334,114,'ebdb8560d4dd44d1b3c31332880e497b.PNG'),(335,114,'61dc5849053046dc88b3c7d7624fff1f.PNG'),(336,115,'0571c4690ac94bde82ce9c532f9bb32f.PNG'),(337,115,'1db835bebc6842b3a078b35f09a1dac3.PNG'),(338,115,'c2ddf19b8a66436d873f4cb7c8250a82.PNG'),(339,115,'606d5c70b9844c57b774fabd0229cad2.PNG'),(340,115,'1eb299689e584f0a973de3d1ddb35382.PNG'),(341,116,'258db87d40cf47ffac0db2621a12100a.PNG'),(342,116,'5713e4e99a0c4411b2859a01b7ef750c.PNG'),(343,116,'905712c8084c4ed08c89f2ded6c0681d.PNG'),(344,116,'0df841dd908f4544abb6749da01f4031.PNG'),(345,116,'ed69424023ab4cf2b9ea36f17502b091.PNG'),(346,117,'c0f2b896c5314cd0b0a17f0fd889a11f.PNG'),(347,117,'8b818dba92ba41e7945736cb660b0f66.PNG'),(348,118,'8936197a194c4124b4d2dba5c0726f72.PNG'),(349,118,'8e16e1cb3b8440bda82cc483aad64ff8.PNG'),(350,118,'08f5863b6e5e43768e6938439db4c382.PNG'),(351,118,'15d1301cfe064d28ab08fff09986bf40.PNG'),(352,118,'dc4b78b2b3124a8baf2b7992400bffa8.PNG'),(353,119,'4094c7994f5d483682c9f5392493d9e7.PNG'),(354,119,'49cd2fd526074c7ea97618527e345493.PNG'),(355,119,'2c194c34e6fb4fd8b3656d3cac00948f.PNG'),(356,120,'d6c8b14da47d41c9a9fa007135fd0b69.PNG'),(357,120,'8567d773af1a45618d6b66f1d4e88b36.PNG'),(358,120,'982784f0768c4746a04c65115f3a2059.PNG'),(359,121,'5d7c5a9b2ed34b7c8f8a57e373552073.PNG'),(360,121,'19e4a436e75c47edbe4f46e20e5d1b92.PNG'),(361,121,'227731511bc94c2f97f2e8e692021017.PNG'),(362,122,'3a3a5a128bf34779bb067c49825ac9df.PNG'),(363,122,'a1223d683b514f4c9b9bff17b41fc462.PNG'),(364,122,'0b1ab7cf5b2e4a8e9864b18130c84a74.PNG'),(365,122,'bcb421aeb0f64e1eb1a1464b4003fc9c.PNG'),(366,7,'e25852a5b01b4b51baacc8d25e8d11be.PNG'),(367,123,'5900a4fbdae44edeb791d9e458650aca.PNG'),(368,123,'769edf251af74661ada0d4b7059d9fdd.PNG'),(369,123,'be026a45ef544e5683de0247bebb3b5f.PNG'),(370,124,'16a978080d484836b75231f466396e0b.PNG'),(371,124,'62faf180552844f4b6a68e43eec503a0.PNG'),(372,124,'fd88d3a8be6144eea49a858773b6e90a.PNG'),(373,124,'ea33bc38206b470a99b12f4ca145e4e1.PNG'),(374,125,'739dc3bf871e43409c7f5996ead29948.PNG'),(375,125,'5e12880c90394bf3b6a4c53c9c8b3a7b.PNG'),(376,125,'2c0e3c58b0f741fcbe49a51a89367847.PNG'),(377,125,'ea5f30333af942f2860da8236024e026.PNG'),(378,126,'79a17e3dd6554691aca87c54ba21128e.PNG'),(379,126,'23ef7b7555e244368d8e607d102693bb.PNG'),(380,126,'e15f5a8a08984c1fb70537deb33729eb.PNG'),(381,127,'20821d75b17946bd8e39df6fb892d954.PNG'),(382,127,'cfab183420c246f5ae234073cb88e489.PNG'),(383,128,'00fc772085074d29abc0603952c41493.PNG'),(384,128,'457a60385cdc4adebdbaa0be020eee0d.PNG'),(385,129,'c7ef880f44ff48f8850815b47dbce877.PNG'),(386,129,'8845356c91ef4633ba5fa700487431ba.PNG'),(387,129,'6f04e467b7da4fc8b0a8d72e172d863f.PNG'),(388,130,'57b64decc8d845c5b75537ebe1d519e2.PNG'),(389,130,'4662ff20644a4077a200a59b33fe3d91.PNG'),(390,131,'6fefb6b7b1dd46bca4d65e9fc5d54aa7.PNG'),(391,132,'d8a67a1778974ffbafdcad801950ec99.PNG'),(392,133,'3439697e27f64673934c815416371d08.PNG'),(393,138,'8d01a4591a624127ab64f15989c277f0.PNG'),(394,138,'5816c1b4eef04b34b64accda6ea6106c.PNG'),(395,139,'4495f615e38e43bc9e148de48335fc7f.PNG'),(396,140,'8d9d6297289f48f1a99abe1a415611d8.PNG'),(397,141,'399ea5697a3b4a509d25a2d3be82d338.PNG'),(398,142,'f3d29ddf2b254ceaae5cdf654a05a4a6.PNG'),(399,143,'6769802e2375410da63e33a7b954289e.PNG'),(400,144,'d8678a05dc7c4293b646a0d9769f952a.PNG'),(401,145,'ef01537fa26c44b2b61cf388046f1622.PNG'),(402,146,'56412df9347e4c05a0de98897ff674f0.PNG'),(403,147,'e4f3ee20860d4217b44d1747973c3128.PNG'),(404,147,'539f5b61cadc40afb4813d6bea6257e3.PNG'),(405,148,'bc7b9dd513a24f3da49c8a864d9adce9.PNG'),(406,149,'2929d9ad4415406aa50438ec8fe54afa.PNG'),(407,149,'59e300f2ad43482e865d0cc7443cad6e.PNG'),(408,150,'9a8b463e705943ff9e7aba12fb1b6f4a.PNG'),(409,151,'25a80f5c36c64b0cb683eec61d10a7a3.PNG'),(410,152,'5c4b0efe7eb84c3184dcb4d9053381b3.PNG'),(411,152,'64151bc4619b46eaa1ddeea9fa77686a.PNG'),(412,153,'fd105dfa392449dea186f8c2fd2d5884.PNG'),(413,153,'3d465c3211d64bd392021fa225b6a196.PNG'),(414,154,'a19d471966f943e189b1cb64bc0301b9.PNG'),(415,155,'4e2fd98b9c52437795b8f435078cf9bf.PNG'),(417,156,''),(418,158,'52946a97d84e48548db0987bc6dd0434.PNG'),(419,159,'27640397290446dea5f52c6bb7f101d4.PNG'),(420,160,'65d9f1b30bae45148e5850f4e0c7fa27.PNG'),(421,161,'0a00e7b995f9435d931fc2ddadb351d9.PNG'),(422,162,'4fa4e53da5d94d28a3d968e6a12fc703.PNG'),(423,84,'');
/*!40000 ALTER TABLE `product_image` ENABLE KEYS */;
UNLOCK TABLES;

--
-- Table structure for table `user`
--

DROP TABLE IF EXISTS `user`;
/*!40101 SET @saved_cs_client     = @@character_set_client */;
/*!50503 SET character_set_client = utf8mb4 */;
CREATE TABLE `user` (
  `id` bigint(10) NOT NULL AUTO_INCREMENT COMMENT '序号',
  `user_name` varchar(16) NOT NULL COMMENT '用户名',
  `password` varchar(32) NOT NULL COMMENT '密码',
  `nick_name` varchar(8) DEFAULT NULL COMMENT '昵称',
  `email` varchar(255) DEFAULT NULL COMMENT '邮箱',
  `register_time` timestamp NULL DEFAULT CURRENT_TIMESTAMP COMMENT '注册时间',
  `image` varchar(255) DEFAULT NULL COMMENT '用户头像',
  PRIMARY KEY (`id`),
  UNIQUE KEY `user_name_UNIQUE` (`user_name`)
) ENGINE=InnoDB AUTO_INCREMENT=25 DEFAULT CHARSET=gb2312 COMMENT='用户表';
/*!40101 SET character_set_client = @saved_cs_client */;

--
-- Dumping data for table `user`
--

LOCK TABLES `user` WRITE;
/*!40000 ALTER TABLE `user` DISABLE KEYS */;
INSERT INTO `user` VALUES (10,'admin','21232f297a57a5a743894a0e4a801fc3','admin','secret','2020-03-19 06:38:09',NULL),(11,'testId','e10adc3949ba59abbe56e057f20f883e','nick','update2@qq.com','2020-03-19 06:38:43','9cc79b3d2abf411a8eda3fedff761726.jpg'),(16,'testweb','e10adc3949ba59abbe56e057f20f883e','testing','147896325@wx.com','2020-04-07 13:40:25',NULL),(17,'mall','e10adc3949ba59abbe56e057f20f883e','shopping','12345679@qq.com','2020-04-08 14:41:35',NULL),(23,'malltest','e10adc3949ba59abbe56e057f20f883e','mallnick','12345678@qq.com','2020-04-19 08:04:29',NULL);
/*!40000 ALTER TABLE `user` ENABLE KEYS */;
UNLOCK TABLES;

--
-- Table structure for table `user_roles`
--

DROP TABLE IF EXISTS `user_roles`;
/*!40101 SET @saved_cs_client     = @@character_set_client */;
/*!50503 SET character_set_client = utf8mb4 */;
CREATE TABLE `user_roles` (
  `id` bigint(10) NOT NULL AUTO_INCREMENT COMMENT '序号',
  `role` varchar(20) NOT NULL COMMENT '权限名',
  `user_name` varchar(16) NOT NULL COMMENT '用户名',
  PRIMARY KEY (`id`),
  UNIQUE KEY `user_name_UNIQUE` (`user_name`),
  CONSTRAINT `user_name` FOREIGN KEY (`user_name`) REFERENCES `user` (`user_name`)
) ENGINE=InnoDB AUTO_INCREMENT=19 DEFAULT CHARSET=gb2312 COMMENT='用户权限表';
/*!40101 SET character_set_client = @saved_cs_client */;

--
-- Dumping data for table `user_roles`
--

LOCK TABLES `user_roles` WRITE;
/*!40000 ALTER TABLE `user_roles` DISABLE KEYS */;
INSERT INTO `user_roles` VALUES (6,'ADMIN','admin'),(7,'CUSTOM','testId'),(10,'CUSTOM','testweb'),(11,'CUSTOM','mall'),(17,'CUSTOM','malltest');
/*!40000 ALTER TABLE `user_roles` ENABLE KEYS */;
UNLOCK TABLES;
/*!40103 SET TIME_ZONE=@OLD_TIME_ZONE */;

/*!40101 SET SQL_MODE=@OLD_SQL_MODE */;
/*!40014 SET FOREIGN_KEY_CHECKS=@OLD_FOREIGN_KEY_CHECKS */;
/*!40014 SET UNIQUE_CHECKS=@OLD_UNIQUE_CHECKS */;
/*!40101 SET CHARACTER_SET_CLIENT=@OLD_CHARACTER_SET_CLIENT */;
/*!40101 SET CHARACTER_SET_RESULTS=@OLD_CHARACTER_SET_RESULTS */;
/*!40101 SET COLLATION_CONNECTION=@OLD_COLLATION_CONNECTION */;
/*!40111 SET SQL_NOTES=@OLD_SQL_NOTES */;

-- Dump completed on 2020-04-20 16:46:32
